"citation_key","authors","year","title","venue","source_type","doi","official_url","literature_category","setting","method","relevant_finding","safe_claim","unsafe_claim","project_connection","project_difference","supports_section","inclusion_category","verification_status","verification_source"
"jeon2023compatibility","Doh-Shin Jeon; Domenico Menicucci; Nikrooz Nasr","2023","Compatibility Choices, Switching Costs, and Data Portability","American Economic Journal: Microeconomics 15(1):30-73","Peer-reviewed journal article","10.1257/mic.20200309","https://www.aeaweb.org/articles?id=10.1257/mic.20200309","Data portability; compatibility; switching costs","Two firms selling complementary products in a dynamic two-period market","Theory; simultaneous initial compatibility choice and dynamic price competition analyzed with SPNE","High switching costs and sufficient patience can support incompatibility; data portability reduces switching costs and can make compatibility more likely; consumer effects are conditional","Firms may strategically choose incompatibility, and reducing switching costs through data portability can alter compatibility incentives in this model","The paper studies AI assistants, private implementation costs, a static Bayesian game, or our exact equilibrium multiplicity","Closest strategic analogue to the Portable/Locked choice","Uses complementary products, dynamic pricing, and SPNE; portability is a reduction in switching cost rather than a privately costly platform action","Motivation; game theory; mechanism design; limitations","CORE","Verified","AEA article record and abstract; author-posted TSE full-text working version for timing and solution concept"
"farrell2007coordination","Joseph Farrell; Paul Klemperer","2007","Coordination and Lock-In: Competition with Switching Costs and Network Effects","Handbook of Industrial Organization, vol. 3, ch. 31, pp. 1967-2072","Peer-reviewed handbook chapter","10.1016/S1573-448X(06)03031-7","https://www.sciencedirect.com/science/chapter/handbook/pii/S1573448X06030317","Switching costs; lock-in; network effects","General markets with switching costs or proprietary network effects","Analytical literature synthesis","Incompatibility can bind customers, create ex post market power, soften competition, and magnify incumbency advantages, but ex ante competition can sometimes be fierce","Switching costs can create lock-in and alter competition; effects are model-dependent rather than mechanically anticompetitive","This source establishes a specific result or parameter for AI-assistant memory portability","Economic foundation for lock-in and strategic resistance to compatibility","Broad survey, not an AI model and not a private-cost Bayesian game","Motivation; game theory; real-world impact; limitations","CORE","Verified","ScienceDirect chapter record; Elsevier volume record; Crossref DOI record"
"viard2007switching","V. Brian Viard","2007","Do Switching Costs Make Markets More or Less Competitive? The Case of 800-Number Portability","The RAND Journal of Economics 38(1):146-163","Peer-reviewed empirical journal article","10.1111/j.1756-2171.2007.tb00049.x","https://onlinelibrary.wiley.com/doi/10.1111/j.1756-2171.2007.tb00049.x","Empirical portability; switching costs; competition","U.S. toll-free service around 800-number portability","Empirical analysis of price responses under uniform pricing","AT&T and MCI reduced toll-free-service prices after portability; larger contracts saw larger price drops, consistent with greater prior lock-in","Reduced switching costs strengthened price competition in this portability setting; larger contracts had larger price declines","The magnitude applies to AI assistants or portability always intensifies competition","Empirical analogy for lower switching friction and competition","Telecommunications prices and number portability, not AI memory or platform implementation choices","Motivation; real-world impact; limitations","CORE","Verified","Wiley journal article page and abstract"
"kim2026portability","Jeong-Yoo Kim","2026","Data Portability and Interoperability Between Digital Platforms","Journal of Economics & Management Strategy 35(2):219-232","Peer-reviewed journal article; online-first 2025","10.1111/jems.12643","https://onlinelibrary.wiley.com/doi/10.1111/jems.12643","Digital platforms; portability; interoperability; security risk","Two-period Hotelling duopoly with switching costs and network benefits","Theory with rational expectations, price competition, breach risk, care, and liability extensions","Without breaches, regulation improves modeled welfare by reducing switching costs and increasing network benefits; with breaches, it raises accident probability, while suitable liability can induce efficient care","Portability/interoperability can bring competition and network benefits while creating data-breach risk in this model","Portability always increases welfare or is costless and risk-free","Adds a digital-platform welfare and security limitation","Regulated interoperability with homogeneous switching costs, not voluntary AI portability with private implementation costs","Social choice; limitations; real-world impact","CORE","Verified","Wiley article page and full open-access text; formal issue 2026, online 21 May 2025"
"samuelson1988statusquo","William Samuelson; Richard Zeckhauser","1988","Status Quo Bias in Decision Making","Journal of Risk and Uncertainty 1(1):7-59","Peer-reviewed journal article","10.1007/BF00055564","https://link.springer.com/article/10.1007/BF00055564","Behavioral inertia; status quo bias","Decision experiments and real choices including faculty health and retirement plans","Experimental and observational evidence with theoretical discussion","Choices disproportionately favor the status quo in the studied settings","Status quo bias provides a reason to test whether persistence remains after technical switching friction falls","AI-assistant users or our future participants exhibit status quo bias","Motivates a planned Stay/Switch behavioral hypothesis","General decision settings; no AI-assistant switching evidence","Behavioral artifact; motivation; limitations","CORE","Verified","Springer article record and abstract"
"vickrey1961counterspeculation","William Vickrey","1961","Counterspeculation, Auctions, and Competitive Sealed Tenders","The Journal of Finance 16(1):8-37","Peer-reviewed journal article","10.1111/j.1540-6261.1961.tb02789.x","https://onlinelibrary.wiley.com/doi/10.1111/j.1540-6261.1961.tb02789.x","Auction theory","Competitive sealed-tender and auction environments","Theoretical auction analysis","Provides the classic second-price sealed-bid foundation and truthful-bidding benchmark under private values","A second-price auction supplies a standard truthful-bidding benchmark under the usual private-value assumptions","Our switching-hurdle reserve design or exact first-price-with-reserve formula comes from Vickrey","Foundation for the auction application","Does not study portability, AI users, or our reserve calibration","Auction","CORE","Verified","Wiley article and issue records"
"myerson1981optimal","Roger B. Myerson","1981","Optimal Auction Design","Mathematics of Operations Research 6(1):58-73","Peer-reviewed journal article","10.1287/moor.6.1.58","https://pubsonline.informs.org/doi/10.1287/moor.6.1.58","Mechanism design; auction theory","One object, multiple buyers, seller imperfectly informed about willingness to pay","Optimal mechanism design using Nash equilibrium","Derives optimal auctions for a broad class of single-object auction-design problems","Auction design can be framed as allocation and payment design under private information","The project implements Myerson's optimal auction","Broad private-information and mechanism-design context","Our project compares two standard auction formats and does not solve the Myerson optimization problem","Mechanism design; auction","SUPPORTING","Verified","INFORMS article record and abstract"
"oecd2021portability","OECD","2021","Data Portability, Interoperability and Competition","OECD Roundtables on Competition Policy Papers No. 260","Official policy paper","10.1787/73a083a9-en","https://www.oecd.org/en/publications/data-portability-interoperability-and-competition_73a083a9-en.html","Policy; digital-platform competition","Digital platforms and implementation policy","Policy synthesis and competition roundtable background","Portability may reduce switching costs; interoperability may aid multihoming and preserve network effects; implementation raises legal, technical, and data-protection challenges","Portability and interoperability are policy tools that may promote competition but require careful implementation","This report is peer-reviewed causal evidence or proves welfare effects for AI assistants","Policy motivation and implementation caveats","Not a peer-reviewed model or empirical estimate","Motivation; limitations; real-world impact","SUPPORTING","Verified","Official OECD publication and roundtable pages"
"klemperer1995switching","Paul Klemperer","1995","Competition When Consumers Have Switching Costs: An Overview with Applications to Industrial Organization, Macroeconomics, and International Trade","The Review of Economic Studies 62(4):515-539","Peer-reviewed journal survey","10.2307/2298075","https://academic.oup.com/restud/article/62/4/515/1544107","Switching costs; lock-in","Markets in which consumers face supplier-switching costs","Theoretical survey","Installed share affects future profitability; firms trade off harvesting locked-in buyers against investing to win future customers","Switching costs can alter pricing, market-share investment, entry, and product choice","Switching costs always raise prices or this paper models AI assistants","Concise classic support for the lock-in narrative","General survey and partly redundant with Farrell and Klemperer","Motivation; game theory","SUPPORTING","Verified","Oxford Academic article and issue records"
