p,c_low,c_high,analytical_threshold_p,computed_pl_pl_is_bne,analytical_pl_condition,agreement
0.01,0.0,1.2,0.5,False,False,True
0.02,0.0,1.2,0.5,False,False,True
0.03,0.0,1.2,0.5,False,False,True
0.04,0.0,1.2,0.5,False,False,True
0.05,0.0,1.2,0.5,False,False,True
0.06,0.0,1.2,0.5,False,False,True
0.07,0.0,1.2,0.5,False,False,True
0.08,0.0,1.2,0.5,False,False,True
0.09,0.0,1.2,0.5,False,False,True
0.1,0.0,1.2,0.5,False,False,True
0.11,0.0,1.2,0.5,False,False,True
0.12,0.0,1.2,0.5,False,False,True
0.13,0.0,1.2,0.5,False,False,True
0.14,0.0,1.2,0.5,False,False,True
0.15,0.0,1.2,0.5,False,False,True
0.16,0.0,1.2,0.5,False,False,True
0.17,0.0,1.2,0.5,False,False,True
0.18,0.0,1.2,0.5,False,False,True
0.19,0.0,1.2,0.5,False,False,True
0.2,0.0,1.2,0.5,False,False,True
0.21,0.0,1.2,0.5,False,False,True
0.22,0.0,1.2,0.5,False,False,True
0.23,0.0,1.2,0.5,False,False,True
0.24,0.0,1.2,0.5,False,False,True
0.25,0.0,1.2,0.5,False,False,True
0.26,0.0,1.2,0.5,False,False,True
0.27,0.0,1.2,0.5,False,False,True
0.28,0.0,1.2,0.5,False,False,True
0.29,0.0,1.2,0.5,False,False,True
0.3,0.0,1.2,0.5,False,False,True
0.31,0.0,1.2,0.5,False,False,True
0.32,0.0,1.2,0.5,False,False,True
0.33,0.0,1.2,0.5,False,False,True
0.34,0.0,1.2,0.5,False,False,True
0.35,0.0,1.2,0.5,False,False,True
0.36,0.0,1.2,0.5,False,False,True
0.37,0.0,1.2,0.5,False,False,True
0.38,0.0,1.2,0.5,False,False,True
0.39,0.0,1.2,0.5,False,False,True
0.4,0.0,1.2,0.5,False,False,True
0.41,0.0,1.2,0.5,False,False,True
0.42,0.0,1.2,0.5,False,False,True
0.43,0.0,1.2,0.5,False,False,True
0.44,0.0,1.2,0.5,False,False,True
0.45,0.0,1.2,0.5,False,False,True
0.46,0.0,1.2,0.5,False,False,True
0.47,0.0,1.2,0.5,False,False,True
0.48,0.0,1.2,0.5,False,False,True
0.49,0.0,1.2,0.5,False,False,True
0.5,0.0,1.2,0.5,True,True,True
0.51,0.0,1.2,0.5,True,True,True
0.52,0.0,1.2,0.5,True,True,True
0.53,0.0,1.2,0.5,True,True,True
0.54,0.0,1.2,0.5,True,True,True
0.55,0.0,1.2,0.5,True,True,True
0.56,0.0,1.2,0.5,True,True,True
0.57,0.0,1.2,0.5,True,True,True
0.58,0.0,1.2,0.5,True,True,True
0.59,0.0,1.2,0.5,True,True,True
0.6,0.0,1.2,0.5,True,True,True
0.61,0.0,1.2,0.5,True,True,True
0.62,0.0,1.2,0.5,True,True,True
0.63,0.0,1.2,0.5,True,True,True
0.64,0.0,1.2,0.5,True,True,True
0.65,0.0,1.2,0.5,True,True,True
0.66,0.0,1.2,0.5,True,True,True
0.67,0.0,1.2,0.5,True,True,True
0.68,0.0,1.2,0.5,True,True,True
0.69,0.0,1.2,0.5,True,True,True
0.7,0.0,1.2,0.5,True,True,True
0.71,0.0,1.2,0.5,True,True,True
0.72,0.0,1.2,0.5,True,True,True
0.73,0.0,1.2,0.5,True,True,True
0.74,0.0,1.2,0.5,True,True,True
0.75,0.0,1.2,0.5,True,True,True
0.76,0.0,1.2,0.5,True,True,True
0.77,0.0,1.2,0.5,True,True,True
0.78,0.0,1.2,0.5,True,True,True
0.79,0.0,1.2,0.5,True,True,True
0.8,0.0,1.2,0.5,True,True,True
0.81,0.0,1.2,0.5,True,True,True
0.82,0.0,1.2,0.5,True,True,True
0.83,0.0,1.2,0.5,True,True,True
0.84,0.0,1.2,0.5,True,True,True
0.85,0.0,1.2,0.5,True,True,True
0.86,0.0,1.2,0.5,True,True,True
0.87,0.0,1.2,0.5,True,True,True
0.88,0.0,1.2,0.5,True,True,True
0.89,0.0,1.2,0.5,True,True,True
0.9,0.0,1.2,0.5,True,True,True
0.91,0.0,1.2,0.5,True,True,True
0.92,0.0,1.2,0.5,True,True,True
0.93,0.0,1.2,0.5,True,True,True
0.94,0.0,1.2,0.5,True,True,True
0.95,0.0,1.2,0.5,True,True,True
0.96,0.0,1.2,0.5,True,True,True
0.97,0.0,1.2,0.5,True,True,True
0.98,0.0,1.2,0.5,True,True,True
0.99,0.0,1.2,0.5,True,True,True
0.01,0.05,1.2,0.525,False,False,True
0.02,0.05,1.2,0.525,False,False,True
0.03,0.05,1.2,0.525,False,False,True
0.04,0.05,1.2,0.525,False,False,True
0.05,0.05,1.2,0.525,False,False,True
0.06,0.05,1.2,0.525,False,False,True
0.07,0.05,1.2,0.525,False,False,True
0.08,0.05,1.2,0.525,False,False,True
0.09,0.05,1.2,0.525,False,False,True
0.1,0.05,1.2,0.525,False,False,True
0.11,0.05,1.2,0.525,False,False,True
0.12,0.05,1.2,0.525,False,False,True
0.13,0.05,1.2,0.525,False,False,True
0.14,0.05,1.2,0.525,False,False,True
0.15,0.05,1.2,0.525,False,False,True
0.16,0.05,1.2,0.525,False,False,True
0.17,0.05,1.2,0.525,False,False,True
0.18,0.05,1.2,0.525,False,False,True
0.19,0.05,1.2,0.525,False,False,True
0.2,0.05,1.2,0.525,False,False,True
0.21,0.05,1.2,0.525,False,False,True
0.22,0.05,1.2,0.525,False,False,True
0.23,0.05,1.2,0.525,False,False,True
0.24,0.05,1.2,0.525,False,False,True
0.25,0.05,1.2,0.525,False,False,True
0.26,0.05,1.2,0.525,False,False,True
0.27,0.05,1.2,0.525,False,False,True
0.28,0.05,1.2,0.525,False,False,True
0.29,0.05,1.2,0.525,False,False,True
0.3,0.05,1.2,0.525,False,False,True
0.31,0.05,1.2,0.525,False,False,True
0.32,0.05,1.2,0.525,False,False,True
0.33,0.05,1.2,0.525,False,False,True
0.34,0.05,1.2,0.525,False,False,True
0.35,0.05,1.2,0.525,False,False,True
0.36,0.05,1.2,0.525,False,False,True
0.37,0.05,1.2,0.525,False,False,True
0.38,0.05,1.2,0.525,False,False,True
0.39,0.05,1.2,0.525,False,False,True
0.4,0.05,1.2,0.525,False,False,True
0.41,0.05,1.2,0.525,False,False,True
0.42,0.05,1.2,0.525,False,False,True
0.43,0.05,1.2,0.525,False,False,True
0.44,0.05,1.2,0.525,False,False,True
0.45,0.05,1.2,0.525,False,False,True
0.46,0.05,1.2,0.525,False,False,True
0.47,0.05,1.2,0.525,False,False,True
0.48,0.05,1.2,0.525,False,False,True
0.49,0.05,1.2,0.525,False,False,True
0.5,0.05,1.2,0.525,False,False,True
0.51,0.05,1.2,0.525,False,False,True
0.52,0.05,1.2,0.525,False,False,True
0.53,0.05,1.2,0.525,True,True,True
0.54,0.05,1.2,0.525,True,True,True
0.55,0.05,1.2,0.525,True,True,True
0.56,0.05,1.2,0.525,True,True,True
0.57,0.05,1.2,0.525,True,True,True
0.58,0.05,1.2,0.525,True,True,True
0.59,0.05,1.2,0.525,True,True,True
0.6,0.05,1.2,0.525,True,True,True
0.61,0.05,1.2,0.525,True,True,True
0.62,0.05,1.2,0.525,True,True,True
0.63,0.05,1.2,0.525,True,True,True
0.64,0.05,1.2,0.525,True,True,True
0.65,0.05,1.2,0.525,True,True,True
0.66,0.05,1.2,0.525,True,True,True
0.67,0.05,1.2,0.525,True,True,True
0.68,0.05,1.2,0.525,True,True,True
0.69,0.05,1.2,0.525,True,True,True
0.7,0.05,1.2,0.525,True,True,True
0.71,0.05,1.2,0.525,True,True,True
0.72,0.05,1.2,0.525,True,True,True
0.73,0.05,1.2,0.525,True,True,True
0.74,0.05,1.2,0.525,True,True,True
0.75,0.05,1.2,0.525,True,True,True
0.76,0.05,1.2,0.525,True,True,True
0.77,0.05,1.2,0.525,True,True,True
0.78,0.05,1.2,0.525,True,True,True
0.79,0.05,1.2,0.525,True,True,True
0.8,0.05,1.2,0.525,True,True,True
0.81,0.05,1.2,0.525,True,True,True
0.82,0.05,1.2,0.525,True,True,True
0.83,0.05,1.2,0.525,True,True,True
0.84,0.05,1.2,0.525,True,True,True
0.85,0.05,1.2,0.525,True,True,True
0.86,0.05,1.2,0.525,True,True,True
0.87,0.05,1.2,0.525,True,True,True
0.88,0.05,1.2,0.525,True,True,True
0.89,0.05,1.2,0.525,True,True,True
0.9,0.05,1.2,0.525,True,True,True
0.91,0.05,1.2,0.525,True,True,True
0.92,0.05,1.2,0.525,True,True,True
0.93,0.05,1.2,0.525,True,True,True
0.94,0.05,1.2,0.525,True,True,True
0.95,0.05,1.2,0.525,True,True,True
0.96,0.05,1.2,0.525,True,True,True
0.97,0.05,1.2,0.525,True,True,True
0.98,0.05,1.2,0.525,True,True,True
0.99,0.05,1.2,0.525,True,True,True
0.01,0.1,1.2,0.55,False,False,True
0.02,0.1,1.2,0.55,False,False,True
0.03,0.1,1.2,0.55,False,False,True
0.04,0.1,1.2,0.55,False,False,True
0.05,0.1,1.2,0.55,False,False,True
0.06,0.1,1.2,0.55,False,False,True
0.07,0.1,1.2,0.55,False,False,True
0.08,0.1,1.2,0.55,False,False,True
0.09,0.1,1.2,0.55,False,False,True
0.1,0.1,1.2,0.55,False,False,True
0.11,0.1,1.2,0.55,False,False,True
0.12,0.1,1.2,0.55,False,False,True
0.13,0.1,1.2,0.55,False,False,True
0.14,0.1,1.2,0.55,False,False,True
0.15,0.1,1.2,0.55,False,False,True
0.16,0.1,1.2,0.55,False,False,True
0.17,0.1,1.2,0.55,False,False,True
0.18,0.1,1.2,0.55,False,False,True
0.19,0.1,1.2,0.55,False,False,True
0.2,0.1,1.2,0.55,False,False,True
0.21,0.1,1.2,0.55,False,False,True
0.22,0.1,1.2,0.55,False,False,True
0.23,0.1,1.2,0.55,False,False,True
0.24,0.1,1.2,0.55,False,False,True
0.25,0.1,1.2,0.55,False,False,True
0.26,0.1,1.2,0.55,False,False,True
0.27,0.1,1.2,0.55,False,False,True
0.28,0.1,1.2,0.55,False,False,True
0.29,0.1,1.2,0.55,False,False,True
0.3,0.1,1.2,0.55,False,False,True
0.31,0.1,1.2,0.55,False,False,True
0.32,0.1,1.2,0.55,False,False,True
0.33,0.1,1.2,0.55,False,False,True
0.34,0.1,1.2,0.55,False,False,True
0.35,0.1,1.2,0.55,False,False,True
0.36,0.1,1.2,0.55,False,False,True
0.37,0.1,1.2,0.55,False,False,True
0.38,0.1,1.2,0.55,False,False,True
0.39,0.1,1.2,0.55,False,False,True
0.4,0.1,1.2,0.55,False,False,True
0.41,0.1,1.2,0.55,False,False,True
0.42,0.1,1.2,0.55,False,False,True
0.43,0.1,1.2,0.55,False,False,True
0.44,0.1,1.2,0.55,False,False,True
0.45,0.1,1.2,0.55,False,False,True
0.46,0.1,1.2,0.55,False,False,True
0.47,0.1,1.2,0.55,False,False,True
0.48,0.1,1.2,0.55,False,False,True
0.49,0.1,1.2,0.55,False,False,True
0.5,0.1,1.2,0.55,False,False,True
0.51,0.1,1.2,0.55,False,False,True
0.52,0.1,1.2,0.55,False,False,True
0.53,0.1,1.2,0.55,False,False,True
0.54,0.1,1.2,0.55,False,False,True
0.55,0.1,1.2,0.55,True,True,True
0.56,0.1,1.2,0.55,True,True,True
0.57,0.1,1.2,0.55,True,True,True
0.58,0.1,1.2,0.55,True,True,True
0.59,0.1,1.2,0.55,True,True,True
0.6,0.1,1.2,0.55,True,True,True
0.61,0.1,1.2,0.55,True,True,True
0.62,0.1,1.2,0.55,True,True,True
0.63,0.1,1.2,0.55,True,True,True
0.64,0.1,1.2,0.55,True,True,True
0.65,0.1,1.2,0.55,True,True,True
0.66,0.1,1.2,0.55,True,True,True
0.67,0.1,1.2,0.55,True,True,True
0.68,0.1,1.2,0.55,True,True,True
0.69,0.1,1.2,0.55,True,True,True
0.7,0.1,1.2,0.55,True,True,True
0.71,0.1,1.2,0.55,True,True,True
0.72,0.1,1.2,0.55,True,True,True
0.73,0.1,1.2,0.55,True,True,True
0.74,0.1,1.2,0.55,True,True,True
0.75,0.1,1.2,0.55,True,True,True
0.76,0.1,1.2,0.55,True,True,True
0.77,0.1,1.2,0.55,True,True,True
0.78,0.1,1.2,0.55,True,True,True
0.79,0.1,1.2,0.55,True,True,True
0.8,0.1,1.2,0.55,True,True,True
0.81,0.1,1.2,0.55,True,True,True
0.82,0.1,1.2,0.55,True,True,True
0.83,0.1,1.2,0.55,True,True,True
0.84,0.1,1.2,0.55,True,True,True
0.85,0.1,1.2,0.55,True,True,True
0.86,0.1,1.2,0.55,True,True,True
0.87,0.1,1.2,0.55,True,True,True
0.88,0.1,1.2,0.55,True,True,True
0.89,0.1,1.2,0.55,True,True,True
0.9,0.1,1.2,0.55,True,True,True
0.91,0.1,1.2,0.55,True,True,True
0.92,0.1,1.2,0.55,True,True,True
0.93,0.1,1.2,0.55,True,True,True
0.94,0.1,1.2,0.55,True,True,True
0.95,0.1,1.2,0.55,True,True,True
0.96,0.1,1.2,0.55,True,True,True
0.97,0.1,1.2,0.55,True,True,True
0.98,0.1,1.2,0.55,True,True,True
0.99,0.1,1.2,0.55,True,True,True
0.01,0.15,1.2,0.575,False,False,True
0.02,0.15,1.2,0.575,False,False,True
0.03,0.15,1.2,0.575,False,False,True
0.04,0.15,1.2,0.575,False,False,True
0.05,0.15,1.2,0.575,False,False,True
0.06,0.15,1.2,0.575,False,False,True
0.07,0.15,1.2,0.575,False,False,True
0.08,0.15,1.2,0.575,False,False,True
0.09,0.15,1.2,0.575,False,False,True
0.1,0.15,1.2,0.575,False,False,True
0.11,0.15,1.2,0.575,False,False,True
0.12,0.15,1.2,0.575,False,False,True
0.13,0.15,1.2,0.575,False,False,True
0.14,0.15,1.2,0.575,False,False,True
0.15,0.15,1.2,0.575,False,False,True
0.16,0.15,1.2,0.575,False,False,True
0.17,0.15,1.2,0.575,False,False,True
0.18,0.15,1.2,0.575,False,False,True
0.19,0.15,1.2,0.575,False,False,True
0.2,0.15,1.2,0.575,False,False,True
0.21,0.15,1.2,0.575,False,False,True
0.22,0.15,1.2,0.575,False,False,True
0.23,0.15,1.2,0.575,False,False,True
0.24,0.15,1.2,0.575,False,False,True
0.25,0.15,1.2,0.575,False,False,True
0.26,0.15,1.2,0.575,False,False,True
0.27,0.15,1.2,0.575,False,False,True
0.28,0.15,1.2,0.575,False,False,True
0.29,0.15,1.2,0.575,False,False,True
0.3,0.15,1.2,0.575,False,False,True
0.31,0.15,1.2,0.575,False,False,True
0.32,0.15,1.2,0.575,False,False,True
0.33,0.15,1.2,0.575,False,False,True
0.34,0.15,1.2,0.575,False,False,True
0.35,0.15,1.2,0.575,False,False,True
0.36,0.15,1.2,0.575,False,False,True
0.37,0.15,1.2,0.575,False,False,True
0.38,0.15,1.2,0.575,False,False,True
0.39,0.15,1.2,0.575,False,False,True
0.4,0.15,1.2,0.575,False,False,True
0.41,0.15,1.2,0.575,False,False,True
0.42,0.15,1.2,0.575,False,False,True
0.43,0.15,1.2,0.575,False,False,True
0.44,0.15,1.2,0.575,False,False,True
0.45,0.15,1.2,0.575,False,False,True
0.46,0.15,1.2,0.575,False,False,True
0.47,0.15,1.2,0.575,False,False,True
0.48,0.15,1.2,0.575,False,False,True
0.49,0.15,1.2,0.575,False,False,True
0.5,0.15,1.2,0.575,False,False,True
0.51,0.15,1.2,0.575,False,False,True
0.52,0.15,1.2,0.575,False,False,True
0.53,0.15,1.2,0.575,False,False,True
0.54,0.15,1.2,0.575,False,False,True
0.55,0.15,1.2,0.575,False,False,True
0.56,0.15,1.2,0.575,False,False,True
0.57,0.15,1.2,0.575,False,False,True
0.58,0.15,1.2,0.575,True,True,True
0.59,0.15,1.2,0.575,True,True,True
0.6,0.15,1.2,0.575,True,True,True
0.61,0.15,1.2,0.575,True,True,True
0.62,0.15,1.2,0.575,True,True,True
0.63,0.15,1.2,0.575,True,True,True
0.64,0.15,1.2,0.575,True,True,True
0.65,0.15,1.2,0.575,True,True,True
0.66,0.15,1.2,0.575,True,True,True
0.67,0.15,1.2,0.575,True,True,True
0.68,0.15,1.2,0.575,True,True,True
0.69,0.15,1.2,0.575,True,True,True
0.7,0.15,1.2,0.575,True,True,True
0.71,0.15,1.2,0.575,True,True,True
0.72,0.15,1.2,0.575,True,True,True
0.73,0.15,1.2,0.575,True,True,True
0.74,0.15,1.2,0.575,True,True,True
0.75,0.15,1.2,0.575,True,True,True
0.76,0.15,1.2,0.575,True,True,True
0.77,0.15,1.2,0.575,True,True,True
0.78,0.15,1.2,0.575,True,True,True
0.79,0.15,1.2,0.575,True,True,True
0.8,0.15,1.2,0.575,True,True,True
0.81,0.15,1.2,0.575,True,True,True
0.82,0.15,1.2,0.575,True,True,True
0.83,0.15,1.2,0.575,True,True,True
0.84,0.15,1.2,0.575,True,True,True
0.85,0.15,1.2,0.575,True,True,True
0.86,0.15,1.2,0.575,True,True,True
0.87,0.15,1.2,0.575,True,True,True
0.88,0.15,1.2,0.575,True,True,True
0.89,0.15,1.2,0.575,True,True,True
0.9,0.15,1.2,0.575,True,True,True
0.91,0.15,1.2,0.575,True,True,True
0.92,0.15,1.2,0.575,True,True,True
0.93,0.15,1.2,0.575,True,True,True
0.94,0.15,1.2,0.575,True,True,True
0.95,0.15,1.2,0.575,True,True,True
0.96,0.15,1.2,0.575,True,True,True
0.97,0.15,1.2,0.575,True,True,True
0.98,0.15,1.2,0.575,True,True,True
0.99,0.15,1.2,0.575,True,True,True
0.01,0.2,1.2,0.6,False,False,True
0.02,0.2,1.2,0.6,False,False,True
0.03,0.2,1.2,0.6,False,False,True
0.04,0.2,1.2,0.6,False,False,True
0.05,0.2,1.2,0.6,False,False,True
0.06,0.2,1.2,0.6,False,False,True
0.07,0.2,1.2,0.6,False,False,True
0.08,0.2,1.2,0.6,False,False,True
0.09,0.2,1.2,0.6,False,False,True
0.1,0.2,1.2,0.6,False,False,True
0.11,0.2,1.2,0.6,False,False,True
0.12,0.2,1.2,0.6,False,False,True
0.13,0.2,1.2,0.6,False,False,True
0.14,0.2,1.2,0.6,False,False,True
0.15,0.2,1.2,0.6,False,False,True
0.16,0.2,1.2,0.6,False,False,True
0.17,0.2,1.2,0.6,False,False,True
0.18,0.2,1.2,0.6,False,False,True
0.19,0.2,1.2,0.6,False,False,True
0.2,0.2,1.2,0.6,False,False,True
0.21,0.2,1.2,0.6,False,False,True
0.22,0.2,1.2,0.6,False,False,True
0.23,0.2,1.2,0.6,False,False,True
0.24,0.2,1.2,0.6,False,False,True
0.25,0.2,1.2,0.6,False,False,True
0.26,0.2,1.2,0.6,False,False,True
0.27,0.2,1.2,0.6,False,False,True
0.28,0.2,1.2,0.6,False,False,True
0.29,0.2,1.2,0.6,False,False,True
0.3,0.2,1.2,0.6,False,False,True
0.31,0.2,1.2,0.6,False,False,True
0.32,0.2,1.2,0.6,False,False,True
0.33,0.2,1.2,0.6,False,False,True
0.34,0.2,1.2,0.6,False,False,True
0.35,0.2,1.2,0.6,False,False,True
0.36,0.2,1.2,0.6,False,False,True
0.37,0.2,1.2,0.6,False,False,True
0.38,0.2,1.2,0.6,False,False,True
0.39,0.2,1.2,0.6,False,False,True
0.4,0.2,1.2,0.6,False,False,True
0.41,0.2,1.2,0.6,False,False,True
0.42,0.2,1.2,0.6,False,False,True
0.43,0.2,1.2,0.6,False,False,True
0.44,0.2,1.2,0.6,False,False,True
0.45,0.2,1.2,0.6,False,False,True
0.46,0.2,1.2,0.6,False,False,True
0.47,0.2,1.2,0.6,False,False,True
0.48,0.2,1.2,0.6,False,False,True
0.49,0.2,1.2,0.6,False,False,True
0.5,0.2,1.2,0.6,False,False,True
0.51,0.2,1.2,0.6,False,False,True
0.52,0.2,1.2,0.6,False,False,True
0.53,0.2,1.2,0.6,False,False,True
0.54,0.2,1.2,0.6,False,False,True
0.55,0.2,1.2,0.6,False,False,True
0.56,0.2,1.2,0.6,False,False,True
0.57,0.2,1.2,0.6,False,False,True
0.58,0.2,1.2,0.6,False,False,True
0.59,0.2,1.2,0.6,False,False,True
0.6,0.2,1.2,0.6,True,True,True
0.61,0.2,1.2,0.6,True,True,True
0.62,0.2,1.2,0.6,True,True,True
0.63,0.2,1.2,0.6,True,True,True
0.64,0.2,1.2,0.6,True,True,True
0.65,0.2,1.2,0.6,True,True,True
0.66,0.2,1.2,0.6,True,True,True
0.67,0.2,1.2,0.6,True,True,True
0.68,0.2,1.2,0.6,True,True,True
0.69,0.2,1.2,0.6,True,True,True
0.7,0.2,1.2,0.6,True,True,True
0.71,0.2,1.2,0.6,True,True,True
0.72,0.2,1.2,0.6,True,True,True
0.73,0.2,1.2,0.6,True,True,True
0.74,0.2,1.2,0.6,True,True,True
0.75,0.2,1.2,0.6,True,True,True
0.76,0.2,1.2,0.6,True,True,True
0.77,0.2,1.2,0.6,True,True,True
0.78,0.2,1.2,0.6,True,True,True
0.79,0.2,1.2,0.6,True,True,True
0.8,0.2,1.2,0.6,True,True,True
0.81,0.2,1.2,0.6,True,True,True
0.82,0.2,1.2,0.6,True,True,True
0.83,0.2,1.2,0.6,True,True,True
0.84,0.2,1.2,0.6,True,True,True
0.85,0.2,1.2,0.6,True,True,True
0.86,0.2,1.2,0.6,True,True,True
0.87,0.2,1.2,0.6,True,True,True
0.88,0.2,1.2,0.6,True,True,True
0.89,0.2,1.2,0.6,True,True,True
0.9,0.2,1.2,0.6,True,True,True
0.91,0.2,1.2,0.6,True,True,True
0.92,0.2,1.2,0.6,True,True,True
0.93,0.2,1.2,0.6,True,True,True
0.94,0.2,1.2,0.6,True,True,True
0.95,0.2,1.2,0.6,True,True,True
0.96,0.2,1.2,0.6,True,True,True
0.97,0.2,1.2,0.6,True,True,True
0.98,0.2,1.2,0.6,True,True,True
0.99,0.2,1.2,0.6,True,True,True
0.01,0.25,1.2,0.625,False,False,True
0.02,0.25,1.2,0.625,False,False,True
0.03,0.25,1.2,0.625,False,False,True
0.04,0.25,1.2,0.625,False,False,True
0.05,0.25,1.2,0.625,False,False,True
0.06,0.25,1.2,0.625,False,False,True
0.07,0.25,1.2,0.625,False,False,True
0.08,0.25,1.2,0.625,False,False,True
0.09,0.25,1.2,0.625,False,False,True
0.1,0.25,1.2,0.625,False,False,True
0.11,0.25,1.2,0.625,False,False,True
0.12,0.25,1.2,0.625,False,False,True
0.13,0.25,1.2,0.625,False,False,True
0.14,0.25,1.2,0.625,False,False,True
0.15,0.25,1.2,0.625,False,False,True
0.16,0.25,1.2,0.625,False,False,True
0.17,0.25,1.2,0.625,False,False,True
0.18,0.25,1.2,0.625,False,False,True
0.19,0.25,1.2,0.625,False,False,True
0.2,0.25,1.2,0.625,False,False,True
0.21,0.25,1.2,0.625,False,False,True
0.22,0.25,1.2,0.625,False,False,True
0.23,0.25,1.2,0.625,False,False,True
0.24,0.25,1.2,0.625,False,False,True
0.25,0.25,1.2,0.625,False,False,True
0.26,0.25,1.2,0.625,False,False,True
0.27,0.25,1.2,0.625,False,False,True
0.28,0.25,1.2,0.625,False,False,True
0.29,0.25,1.2,0.625,False,False,True
0.3,0.25,1.2,0.625,False,False,True
0.31,0.25,1.2,0.625,False,False,True
0.32,0.25,1.2,0.625,False,False,True
0.33,0.25,1.2,0.625,False,False,True
0.34,0.25,1.2,0.625,False,False,True
0.35,0.25,1.2,0.625,False,False,True
0.36,0.25,1.2,0.625,False,False,True
0.37,0.25,1.2,0.625,False,False,True
0.38,0.25,1.2,0.625,False,False,True
0.39,0.25,1.2,0.625,False,False,True
0.4,0.25,1.2,0.625,False,False,True
0.41,0.25,1.2,0.625,False,False,True
0.42,0.25,1.2,0.625,False,False,True
0.43,0.25,1.2,0.625,False,False,True
0.44,0.25,1.2,0.625,False,False,True
0.45,0.25,1.2,0.625,False,False,True
0.46,0.25,1.2,0.625,False,False,True
0.47,0.25,1.2,0.625,False,False,True
0.48,0.25,1.2,0.625,False,False,True
0.49,0.25,1.2,0.625,False,False,True
0.5,0.25,1.2,0.625,False,False,True
0.51,0.25,1.2,0.625,False,False,True
0.52,0.25,1.2,0.625,False,False,True
0.53,0.25,1.2,0.625,False,False,True
0.54,0.25,1.2,0.625,False,False,True
0.55,0.25,1.2,0.625,False,False,True
0.56,0.25,1.2,0.625,False,False,True
0.57,0.25,1.2,0.625,False,False,True
0.58,0.25,1.2,0.625,False,False,True
0.59,0.25,1.2,0.625,False,False,True
0.6,0.25,1.2,0.625,False,False,True
0.61,0.25,1.2,0.625,False,False,True
0.62,0.25,1.2,0.625,False,False,True
0.63,0.25,1.2,0.625,True,True,True
0.64,0.25,1.2,0.625,True,True,True
0.65,0.25,1.2,0.625,True,True,True
0.66,0.25,1.2,0.625,True,True,True
0.67,0.25,1.2,0.625,True,True,True
0.68,0.25,1.2,0.625,True,True,True
0.69,0.25,1.2,0.625,True,True,True
0.7,0.25,1.2,0.625,True,True,True
0.71,0.25,1.2,0.625,True,True,True
0.72,0.25,1.2,0.625,True,True,True
0.73,0.25,1.2,0.625,True,True,True
0.74,0.25,1.2,0.625,True,True,True
0.75,0.25,1.2,0.625,True,True,True
0.76,0.25,1.2,0.625,True,True,True
0.77,0.25,1.2,0.625,True,True,True
0.78,0.25,1.2,0.625,True,True,True
0.79,0.25,1.2,0.625,True,True,True
0.8,0.25,1.2,0.625,True,True,True
0.81,0.25,1.2,0.625,True,True,True
0.82,0.25,1.2,0.625,True,True,True
0.83,0.25,1.2,0.625,True,True,True
0.84,0.25,1.2,0.625,True,True,True
0.85,0.25,1.2,0.625,True,True,True
0.86,0.25,1.2,0.625,True,True,True
0.87,0.25,1.2,0.625,True,True,True
0.88,0.25,1.2,0.625,True,True,True
0.89,0.25,1.2,0.625,True,True,True
0.9,0.25,1.2,0.625,True,True,True
0.91,0.25,1.2,0.625,True,True,True
0.92,0.25,1.2,0.625,True,True,True
0.93,0.25,1.2,0.625,True,True,True
0.94,0.25,1.2,0.625,True,True,True
0.95,0.25,1.2,0.625,True,True,True
0.96,0.25,1.2,0.625,True,True,True
0.97,0.25,1.2,0.625,True,True,True
0.98,0.25,1.2,0.625,True,True,True
0.99,0.25,1.2,0.625,True,True,True
0.01,0.3,1.2,0.65,False,False,True
0.02,0.3,1.2,0.65,False,False,True
0.03,0.3,1.2,0.65,False,False,True
0.04,0.3,1.2,0.65,False,False,True
0.05,0.3,1.2,0.65,False,False,True
0.06,0.3,1.2,0.65,False,False,True
0.07,0.3,1.2,0.65,False,False,True
0.08,0.3,1.2,0.65,False,False,True
0.09,0.3,1.2,0.65,False,False,True
0.1,0.3,1.2,0.65,False,False,True
0.11,0.3,1.2,0.65,False,False,True
0.12,0.3,1.2,0.65,False,False,True
0.13,0.3,1.2,0.65,False,False,True
0.14,0.3,1.2,0.65,False,False,True
0.15,0.3,1.2,0.65,False,False,True
0.16,0.3,1.2,0.65,False,False,True
0.17,0.3,1.2,0.65,False,False,True
0.18,0.3,1.2,0.65,False,False,True
0.19,0.3,1.2,0.65,False,False,True
0.2,0.3,1.2,0.65,False,False,True
0.21,0.3,1.2,0.65,False,False,True
0.22,0.3,1.2,0.65,False,False,True
0.23,0.3,1.2,0.65,False,False,True
0.24,0.3,1.2,0.65,False,False,True
0.25,0.3,1.2,0.65,False,False,True
0.26,0.3,1.2,0.65,False,False,True
0.27,0.3,1.2,0.65,False,False,True
0.28,0.3,1.2,0.65,False,False,True
0.29,0.3,1.2,0.65,False,False,True
0.3,0.3,1.2,0.65,False,False,True
0.31,0.3,1.2,0.65,False,False,True
0.32,0.3,1.2,0.65,False,False,True
0.33,0.3,1.2,0.65,False,False,True
0.34,0.3,1.2,0.65,False,False,True
0.35,0.3,1.2,0.65,False,False,True
0.36,0.3,1.2,0.65,False,False,True
0.37,0.3,1.2,0.65,False,False,True
0.38,0.3,1.2,0.65,False,False,True
0.39,0.3,1.2,0.65,False,False,True
0.4,0.3,1.2,0.65,False,False,True
0.41,0.3,1.2,0.65,False,False,True
0.42,0.3,1.2,0.65,False,False,True
0.43,0.3,1.2,0.65,False,False,True
0.44,0.3,1.2,0.65,False,False,True
0.45,0.3,1.2,0.65,False,False,True
0.46,0.3,1.2,0.65,False,False,True
0.47,0.3,1.2,0.65,False,False,True
0.48,0.3,1.2,0.65,False,False,True
0.49,0.3,1.2,0.65,False,False,True
0.5,0.3,1.2,0.65,False,False,True
0.51,0.3,1.2,0.65,False,False,True
0.52,0.3,1.2,0.65,False,False,True
0.53,0.3,1.2,0.65,False,False,True
0.54,0.3,1.2,0.65,False,False,True
0.55,0.3,1.2,0.65,False,False,True
0.56,0.3,1.2,0.65,False,False,True
0.57,0.3,1.2,0.65,False,False,True
0.58,0.3,1.2,0.65,False,False,True
0.59,0.3,1.2,0.65,False,False,True
0.6,0.3,1.2,0.65,False,False,True
0.61,0.3,1.2,0.65,False,False,True
0.62,0.3,1.2,0.65,False,False,True
0.63,0.3,1.2,0.65,False,False,True
0.64,0.3,1.2,0.65,False,False,True
0.65,0.3,1.2,0.65,True,True,True
0.66,0.3,1.2,0.65,True,True,True
0.67,0.3,1.2,0.65,True,True,True
0.68,0.3,1.2,0.65,True,True,True
0.69,0.3,1.2,0.65,True,True,True
0.7,0.3,1.2,0.65,True,True,True
0.71,0.3,1.2,0.65,True,True,True
0.72,0.3,1.2,0.65,True,True,True
0.73,0.3,1.2,0.65,True,True,True
0.74,0.3,1.2,0.65,True,True,True
0.75,0.3,1.2,0.65,True,True,True
0.76,0.3,1.2,0.65,True,True,True
0.77,0.3,1.2,0.65,True,True,True
0.78,0.3,1.2,0.65,True,True,True
0.79,0.3,1.2,0.65,True,True,True
0.8,0.3,1.2,0.65,True,True,True
0.81,0.3,1.2,0.65,True,True,True
0.82,0.3,1.2,0.65,True,True,True
0.83,0.3,1.2,0.65,True,True,True
0.84,0.3,1.2,0.65,True,True,True
0.85,0.3,1.2,0.65,True,True,True
0.86,0.3,1.2,0.65,True,True,True
0.87,0.3,1.2,0.65,True,True,True
0.88,0.3,1.2,0.65,True,True,True
0.89,0.3,1.2,0.65,True,True,True
0.9,0.3,1.2,0.65,True,True,True
0.91,0.3,1.2,0.65,True,True,True
0.92,0.3,1.2,0.65,True,True,True
0.93,0.3,1.2,0.65,True,True,True
0.94,0.3,1.2,0.65,True,True,True
0.95,0.3,1.2,0.65,True,True,True
0.96,0.3,1.2,0.65,True,True,True
0.97,0.3,1.2,0.65,True,True,True
0.98,0.3,1.2,0.65,True,True,True
0.99,0.3,1.2,0.65,True,True,True
0.01,0.35,1.2,0.675,False,False,True
0.02,0.35,1.2,0.675,False,False,True
0.03,0.35,1.2,0.675,False,False,True
0.04,0.35,1.2,0.675,False,False,True
0.05,0.35,1.2,0.675,False,False,True
0.06,0.35,1.2,0.675,False,False,True
0.07,0.35,1.2,0.675,False,False,True
0.08,0.35,1.2,0.675,False,False,True
0.09,0.35,1.2,0.675,False,False,True
0.1,0.35,1.2,0.675,False,False,True
0.11,0.35,1.2,0.675,False,False,True
0.12,0.35,1.2,0.675,False,False,True
0.13,0.35,1.2,0.675,False,False,True
0.14,0.35,1.2,0.675,False,False,True
0.15,0.35,1.2,0.675,False,False,True
0.16,0.35,1.2,0.675,False,False,True
0.17,0.35,1.2,0.675,False,False,True
0.18,0.35,1.2,0.675,False,False,True
0.19,0.35,1.2,0.675,False,False,True
0.2,0.35,1.2,0.675,False,False,True
0.21,0.35,1.2,0.675,False,False,True
0.22,0.35,1.2,0.675,False,False,True
0.23,0.35,1.2,0.675,False,False,True
0.24,0.35,1.2,0.675,False,False,True
0.25,0.35,1.2,0.675,False,False,True
0.26,0.35,1.2,0.675,False,False,True
0.27,0.35,1.2,0.675,False,False,True
0.28,0.35,1.2,0.675,False,False,True
0.29,0.35,1.2,0.675,False,False,True
0.3,0.35,1.2,0.675,False,False,True
0.31,0.35,1.2,0.675,False,False,True
0.32,0.35,1.2,0.675,False,False,True
0.33,0.35,1.2,0.675,False,False,True
0.34,0.35,1.2,0.675,False,False,True
0.35,0.35,1.2,0.675,False,False,True
0.36,0.35,1.2,0.675,False,False,True
0.37,0.35,1.2,0.675,False,False,True
0.38,0.35,1.2,0.675,False,False,True
0.39,0.35,1.2,0.675,False,False,True
0.4,0.35,1.2,0.675,False,False,True
0.41,0.35,1.2,0.675,False,False,True
0.42,0.35,1.2,0.675,False,False,True
0.43,0.35,1.2,0.675,False,False,True
0.44,0.35,1.2,0.675,False,False,True
0.45,0.35,1.2,0.675,False,False,True
0.46,0.35,1.2,0.675,False,False,True
0.47,0.35,1.2,0.675,False,False,True
0.48,0.35,1.2,0.675,False,False,True
0.49,0.35,1.2,0.675,False,False,True
0.5,0.35,1.2,0.675,False,False,True
0.51,0.35,1.2,0.675,False,False,True
0.52,0.35,1.2,0.675,False,False,True
0.53,0.35,1.2,0.675,False,False,True
0.54,0.35,1.2,0.675,False,False,True
0.55,0.35,1.2,0.675,False,False,True
0.56,0.35,1.2,0.675,False,False,True
0.57,0.35,1.2,0.675,False,False,True
0.58,0.35,1.2,0.675,False,False,True
0.59,0.35,1.2,0.675,False,False,True
0.6,0.35,1.2,0.675,False,False,True
0.61,0.35,1.2,0.675,False,False,True
0.62,0.35,1.2,0.675,False,False,True
0.63,0.35,1.2,0.675,False,False,True
0.64,0.35,1.2,0.675,False,False,True
0.65,0.35,1.2,0.675,False,False,True
0.66,0.35,1.2,0.675,False,False,True
0.67,0.35,1.2,0.675,False,False,True
0.68,0.35,1.2,0.675,True,True,True
0.69,0.35,1.2,0.675,True,True,True
0.7,0.35,1.2,0.675,True,True,True
0.71,0.35,1.2,0.675,True,True,True
0.72,0.35,1.2,0.675,True,True,True
0.73,0.35,1.2,0.675,True,True,True
0.74,0.35,1.2,0.675,True,True,True
0.75,0.35,1.2,0.675,True,True,True
0.76,0.35,1.2,0.675,True,True,True
0.77,0.35,1.2,0.675,True,True,True
0.78,0.35,1.2,0.675,True,True,True
0.79,0.35,1.2,0.675,True,True,True
0.8,0.35,1.2,0.675,True,True,True
0.81,0.35,1.2,0.675,True,True,True
0.82,0.35,1.2,0.675,True,True,True
0.83,0.35,1.2,0.675,True,True,True
0.84,0.35,1.2,0.675,True,True,True
0.85,0.35,1.2,0.675,True,True,True
0.86,0.35,1.2,0.675,True,True,True
0.87,0.35,1.2,0.675,True,True,True
0.88,0.35,1.2,0.675,True,True,True
0.89,0.35,1.2,0.675,True,True,True
0.9,0.35,1.2,0.675,True,True,True
0.91,0.35,1.2,0.675,True,True,True
0.92,0.35,1.2,0.675,True,True,True
0.93,0.35,1.2,0.675,True,True,True
0.94,0.35,1.2,0.675,True,True,True
0.95,0.35,1.2,0.675,True,True,True
0.96,0.35,1.2,0.675,True,True,True
0.97,0.35,1.2,0.675,True,True,True
0.98,0.35,1.2,0.675,True,True,True
0.99,0.35,1.2,0.675,True,True,True
0.01,0.4,1.2,0.7,False,False,True
0.02,0.4,1.2,0.7,False,False,True
0.03,0.4,1.2,0.7,False,False,True
0.04,0.4,1.2,0.7,False,False,True
0.05,0.4,1.2,0.7,False,False,True
0.06,0.4,1.2,0.7,False,False,True
0.07,0.4,1.2,0.7,False,False,True
0.08,0.4,1.2,0.7,False,False,True
0.09,0.4,1.2,0.7,False,False,True
0.1,0.4,1.2,0.7,False,False,True
0.11,0.4,1.2,0.7,False,False,True
0.12,0.4,1.2,0.7,False,False,True
0.13,0.4,1.2,0.7,False,False,True
0.14,0.4,1.2,0.7,False,False,True
0.15,0.4,1.2,0.7,False,False,True
0.16,0.4,1.2,0.7,False,False,True
0.17,0.4,1.2,0.7,False,False,True
0.18,0.4,1.2,0.7,False,False,True
0.19,0.4,1.2,0.7,False,False,True
0.2,0.4,1.2,0.7,False,False,True
0.21,0.4,1.2,0.7,False,False,True
0.22,0.4,1.2,0.7,False,False,True
0.23,0.4,1.2,0.7,False,False,True
0.24,0.4,1.2,0.7,False,False,True
0.25,0.4,1.2,0.7,False,False,True
0.26,0.4,1.2,0.7,False,False,True
0.27,0.4,1.2,0.7,False,False,True
0.28,0.4,1.2,0.7,False,False,True
0.29,0.4,1.2,0.7,False,False,True
0.3,0.4,1.2,0.7,False,False,True
0.31,0.4,1.2,0.7,False,False,True
0.32,0.4,1.2,0.7,False,False,True
0.33,0.4,1.2,0.7,False,False,True
0.34,0.4,1.2,0.7,False,False,True
0.35,0.4,1.2,0.7,False,False,True
0.36,0.4,1.2,0.7,False,False,True
0.37,0.4,1.2,0.7,False,False,True
0.38,0.4,1.2,0.7,False,False,True
0.39,0.4,1.2,0.7,False,False,True
0.4,0.4,1.2,0.7,False,False,True
0.41,0.4,1.2,0.7,False,False,True
0.42,0.4,1.2,0.7,False,False,True
0.43,0.4,1.2,0.7,False,False,True
0.44,0.4,1.2,0.7,False,False,True
0.45,0.4,1.2,0.7,False,False,True
0.46,0.4,1.2,0.7,False,False,True
0.47,0.4,1.2,0.7,False,False,True
0.48,0.4,1.2,0.7,False,False,True
0.49,0.4,1.2,0.7,False,False,True
0.5,0.4,1.2,0.7,False,False,True
0.51,0.4,1.2,0.7,False,False,True
0.52,0.4,1.2,0.7,False,False,True
0.53,0.4,1.2,0.7,False,False,True
0.54,0.4,1.2,0.7,False,False,True
0.55,0.4,1.2,0.7,False,False,True
0.56,0.4,1.2,0.7,False,False,True
0.57,0.4,1.2,0.7,False,False,True
0.58,0.4,1.2,0.7,False,False,True
0.59,0.4,1.2,0.7,False,False,True
0.6,0.4,1.2,0.7,False,False,True
0.61,0.4,1.2,0.7,False,False,True
0.62,0.4,1.2,0.7,False,False,True
0.63,0.4,1.2,0.7,False,False,True
0.64,0.4,1.2,0.7,False,False,True
0.65,0.4,1.2,0.7,False,False,True
0.66,0.4,1.2,0.7,False,False,True
0.67,0.4,1.2,0.7,False,False,True
0.68,0.4,1.2,0.7,False,False,True
0.69,0.4,1.2,0.7,False,False,True
0.7,0.4,1.2,0.7,True,True,True
0.71,0.4,1.2,0.7,True,True,True
0.72,0.4,1.2,0.7,True,True,True
0.73,0.4,1.2,0.7,True,True,True
0.74,0.4,1.2,0.7,True,True,True
0.75,0.4,1.2,0.7,True,True,True
0.76,0.4,1.2,0.7,True,True,True
0.77,0.4,1.2,0.7,True,True,True
0.78,0.4,1.2,0.7,True,True,True
0.79,0.4,1.2,0.7,True,True,True
0.8,0.4,1.2,0.7,True,True,True
0.81,0.4,1.2,0.7,True,True,True
0.82,0.4,1.2,0.7,True,True,True
0.83,0.4,1.2,0.7,True,True,True
0.84,0.4,1.2,0.7,True,True,True
0.85,0.4,1.2,0.7,True,True,True
0.86,0.4,1.2,0.7,True,True,True
0.87,0.4,1.2,0.7,True,True,True
0.88,0.4,1.2,0.7,True,True,True
0.89,0.4,1.2,0.7,True,True,True
0.9,0.4,1.2,0.7,True,True,True
0.91,0.4,1.2,0.7,True,True,True
0.92,0.4,1.2,0.7,True,True,True
0.93,0.4,1.2,0.7,True,True,True
0.94,0.4,1.2,0.7,True,True,True
0.95,0.4,1.2,0.7,True,True,True
0.96,0.4,1.2,0.7,True,True,True
0.97,0.4,1.2,0.7,True,True,True
0.98,0.4,1.2,0.7,True,True,True
0.99,0.4,1.2,0.7,True,True,True
0.01,0.45,1.2,0.725,False,False,True
0.02,0.45,1.2,0.725,False,False,True
0.03,0.45,1.2,0.725,False,False,True
0.04,0.45,1.2,0.725,False,False,True
0.05,0.45,1.2,0.725,False,False,True
0.06,0.45,1.2,0.725,False,False,True
0.07,0.45,1.2,0.725,False,False,True
0.08,0.45,1.2,0.725,False,False,True
0.09,0.45,1.2,0.725,False,False,True
0.1,0.45,1.2,0.725,False,False,True
0.11,0.45,1.2,0.725,False,False,True
0.12,0.45,1.2,0.725,False,False,True
0.13,0.45,1.2,0.725,False,False,True
0.14,0.45,1.2,0.725,False,False,True
0.15,0.45,1.2,0.725,False,False,True
0.16,0.45,1.2,0.725,False,False,True
0.17,0.45,1.2,0.725,False,False,True
0.18,0.45,1.2,0.725,False,False,True
0.19,0.45,1.2,0.725,False,False,True
0.2,0.45,1.2,0.725,False,False,True
0.21,0.45,1.2,0.725,False,False,True
0.22,0.45,1.2,0.725,False,False,True
0.23,0.45,1.2,0.725,False,False,True
0.24,0.45,1.2,0.725,False,False,True
0.25,0.45,1.2,0.725,False,False,True
0.26,0.45,1.2,0.725,False,False,True
0.27,0.45,1.2,0.725,False,False,True
0.28,0.45,1.2,0.725,False,False,True
0.29,0.45,1.2,0.725,False,False,True
0.3,0.45,1.2,0.725,False,False,True
0.31,0.45,1.2,0.725,False,False,True
0.32,0.45,1.2,0.725,False,False,True
0.33,0.45,1.2,0.725,False,False,True
0.34,0.45,1.2,0.725,False,False,True
0.35,0.45,1.2,0.725,False,False,True
0.36,0.45,1.2,0.725,False,False,True
0.37,0.45,1.2,0.725,False,False,True
0.38,0.45,1.2,0.725,False,False,True
0.39,0.45,1.2,0.725,False,False,True
0.4,0.45,1.2,0.725,False,False,True
0.41,0.45,1.2,0.725,False,False,True
0.42,0.45,1.2,0.725,False,False,True
0.43,0.45,1.2,0.725,False,False,True
0.44,0.45,1.2,0.725,False,False,True
0.45,0.45,1.2,0.725,False,False,True
0.46,0.45,1.2,0.725,False,False,True
0.47,0.45,1.2,0.725,False,False,True
0.48,0.45,1.2,0.725,False,False,True
0.49,0.45,1.2,0.725,False,False,True
0.5,0.45,1.2,0.725,False,False,True
0.51,0.45,1.2,0.725,False,False,True
0.52,0.45,1.2,0.725,False,False,True
0.53,0.45,1.2,0.725,False,False,True
0.54,0.45,1.2,0.725,False,False,True
0.55,0.45,1.2,0.725,False,False,True
0.56,0.45,1.2,0.725,False,False,True
0.57,0.45,1.2,0.725,False,False,True
0.58,0.45,1.2,0.725,False,False,True
0.59,0.45,1.2,0.725,False,False,True
0.6,0.45,1.2,0.725,False,False,True
0.61,0.45,1.2,0.725,False,False,True
0.62,0.45,1.2,0.725,False,False,True
0.63,0.45,1.2,0.725,False,False,True
0.64,0.45,1.2,0.725,False,False,True
0.65,0.45,1.2,0.725,False,False,True
0.66,0.45,1.2,0.725,False,False,True
0.67,0.45,1.2,0.725,False,False,True
0.68,0.45,1.2,0.725,False,False,True
0.69,0.45,1.2,0.725,False,False,True
0.7,0.45,1.2,0.725,False,False,True
0.71,0.45,1.2,0.725,False,False,True
0.72,0.45,1.2,0.725,False,False,True
0.73,0.45,1.2,0.725,True,True,True
0.74,0.45,1.2,0.725,True,True,True
0.75,0.45,1.2,0.725,True,True,True
0.76,0.45,1.2,0.725,True,True,True
0.77,0.45,1.2,0.725,True,True,True
0.78,0.45,1.2,0.725,True,True,True
0.79,0.45,1.2,0.725,True,True,True
0.8,0.45,1.2,0.725,True,True,True
0.81,0.45,1.2,0.725,True,True,True
0.82,0.45,1.2,0.725,True,True,True
0.83,0.45,1.2,0.725,True,True,True
0.84,0.45,1.2,0.725,True,True,True
0.85,0.45,1.2,0.725,True,True,True
0.86,0.45,1.2,0.725,True,True,True
0.87,0.45,1.2,0.725,True,True,True
0.88,0.45,1.2,0.725,True,True,True
0.89,0.45,1.2,0.725,True,True,True
0.9,0.45,1.2,0.725,True,True,True
0.91,0.45,1.2,0.725,True,True,True
0.92,0.45,1.2,0.725,True,True,True
0.93,0.45,1.2,0.725,True,True,True
0.94,0.45,1.2,0.725,True,True,True
0.95,0.45,1.2,0.725,True,True,True
0.96,0.45,1.2,0.725,True,True,True
0.97,0.45,1.2,0.725,True,True,True
0.98,0.45,1.2,0.725,True,True,True
0.99,0.45,1.2,0.725,True,True,True
0.01,0.5,1.2,0.75,False,False,True
0.02,0.5,1.2,0.75,False,False,True
0.03,0.5,1.2,0.75,False,False,True
0.04,0.5,1.2,0.75,False,False,True
0.05,0.5,1.2,0.75,False,False,True
0.06,0.5,1.2,0.75,False,False,True
0.07,0.5,1.2,0.75,False,False,True
0.08,0.5,1.2,0.75,False,False,True
0.09,0.5,1.2,0.75,False,False,True
0.1,0.5,1.2,0.75,False,False,True
0.11,0.5,1.2,0.75,False,False,True
0.12,0.5,1.2,0.75,False,False,True
0.13,0.5,1.2,0.75,False,False,True
0.14,0.5,1.2,0.75,False,False,True
0.15,0.5,1.2,0.75,False,False,True
0.16,0.5,1.2,0.75,False,False,True
0.17,0.5,1.2,0.75,False,False,True
0.18,0.5,1.2,0.75,False,False,True
0.19,0.5,1.2,0.75,False,False,True
0.2,0.5,1.2,0.75,False,False,True
0.21,0.5,1.2,0.75,False,False,True
0.22,0.5,1.2,0.75,False,False,True
0.23,0.5,1.2,0.75,False,False,True
0.24,0.5,1.2,0.75,False,False,True
0.25,0.5,1.2,0.75,False,False,True
0.26,0.5,1.2,0.75,False,False,True
0.27,0.5,1.2,0.75,False,False,True
0.28,0.5,1.2,0.75,False,False,True
0.29,0.5,1.2,0.75,False,False,True
0.3,0.5,1.2,0.75,False,False,True
0.31,0.5,1.2,0.75,False,False,True
0.32,0.5,1.2,0.75,False,False,True
0.33,0.5,1.2,0.75,False,False,True
0.34,0.5,1.2,0.75,False,False,True
0.35,0.5,1.2,0.75,False,False,True
0.36,0.5,1.2,0.75,False,False,True
0.37,0.5,1.2,0.75,False,False,True
0.38,0.5,1.2,0.75,False,False,True
0.39,0.5,1.2,0.75,False,False,True
0.4,0.5,1.2,0.75,False,False,True
0.41,0.5,1.2,0.75,False,False,True
0.42,0.5,1.2,0.75,False,False,True
0.43,0.5,1.2,0.75,False,False,True
0.44,0.5,1.2,0.75,False,False,True
0.45,0.5,1.2,0.75,False,False,True
0.46,0.5,1.2,0.75,False,False,True
0.47,0.5,1.2,0.75,False,False,True
0.48,0.5,1.2,0.75,False,False,True
0.49,0.5,1.2,0.75,False,False,True
0.5,0.5,1.2,0.75,False,False,True
0.51,0.5,1.2,0.75,False,False,True
0.52,0.5,1.2,0.75,False,False,True
0.53,0.5,1.2,0.75,False,False,True
0.54,0.5,1.2,0.75,False,False,True
0.55,0.5,1.2,0.75,False,False,True
0.56,0.5,1.2,0.75,False,False,True
0.57,0.5,1.2,0.75,False,False,True
0.58,0.5,1.2,0.75,False,False,True
0.59,0.5,1.2,0.75,False,False,True
0.6,0.5,1.2,0.75,False,False,True
0.61,0.5,1.2,0.75,False,False,True
0.62,0.5,1.2,0.75,False,False,True
0.63,0.5,1.2,0.75,False,False,True
0.64,0.5,1.2,0.75,False,False,True
0.65,0.5,1.2,0.75,False,False,True
0.66,0.5,1.2,0.75,False,False,True
0.67,0.5,1.2,0.75,False,False,True
0.68,0.5,1.2,0.75,False,False,True
0.69,0.5,1.2,0.75,False,False,True
0.7,0.5,1.2,0.75,False,False,True
0.71,0.5,1.2,0.75,False,False,True
0.72,0.5,1.2,0.75,False,False,True
0.73,0.5,1.2,0.75,False,False,True
0.74,0.5,1.2,0.75,False,False,True
0.75,0.5,1.2,0.75,True,True,True
0.76,0.5,1.2,0.75,True,True,True
0.77,0.5,1.2,0.75,True,True,True
0.78,0.5,1.2,0.75,True,True,True
0.79,0.5,1.2,0.75,True,True,True
0.8,0.5,1.2,0.75,True,True,True
0.81,0.5,1.2,0.75,True,True,True
0.82,0.5,1.2,0.75,True,True,True
0.83,0.5,1.2,0.75,True,True,True
0.84,0.5,1.2,0.75,True,True,True
0.85,0.5,1.2,0.75,True,True,True
0.86,0.5,1.2,0.75,True,True,True
0.87,0.5,1.2,0.75,True,True,True
0.88,0.5,1.2,0.75,True,True,True
0.89,0.5,1.2,0.75,True,True,True
0.9,0.5,1.2,0.75,True,True,True
0.91,0.5,1.2,0.75,True,True,True
0.92,0.5,1.2,0.75,True,True,True
0.93,0.5,1.2,0.75,True,True,True
0.94,0.5,1.2,0.75,True,True,True
0.95,0.5,1.2,0.75,True,True,True
0.96,0.5,1.2,0.75,True,True,True
0.97,0.5,1.2,0.75,True,True,True
0.98,0.5,1.2,0.75,True,True,True
0.99,0.5,1.2,0.75,True,True,True
0.01,0.55,1.2,0.775,False,False,True
0.02,0.55,1.2,0.775,False,False,True
0.03,0.55,1.2,0.775,False,False,True
0.04,0.55,1.2,0.775,False,False,True
0.05,0.55,1.2,0.775,False,False,True
0.06,0.55,1.2,0.775,False,False,True
0.07,0.55,1.2,0.775,False,False,True
0.08,0.55,1.2,0.775,False,False,True
0.09,0.55,1.2,0.775,False,False,True
0.1,0.55,1.2,0.775,False,False,True
0.11,0.55,1.2,0.775,False,False,True
0.12,0.55,1.2,0.775,False,False,True
0.13,0.55,1.2,0.775,False,False,True
0.14,0.55,1.2,0.775,False,False,True
0.15,0.55,1.2,0.775,False,False,True
0.16,0.55,1.2,0.775,False,False,True
0.17,0.55,1.2,0.775,False,False,True
0.18,0.55,1.2,0.775,False,False,True
0.19,0.55,1.2,0.775,False,False,True
0.2,0.55,1.2,0.775,False,False,True
0.21,0.55,1.2,0.775,False,False,True
0.22,0.55,1.2,0.775,False,False,True
0.23,0.55,1.2,0.775,False,False,True
0.24,0.55,1.2,0.775,False,False,True
0.25,0.55,1.2,0.775,False,False,True
0.26,0.55,1.2,0.775,False,False,True
0.27,0.55,1.2,0.775,False,False,True
0.28,0.55,1.2,0.775,False,False,True
0.29,0.55,1.2,0.775,False,False,True
0.3,0.55,1.2,0.775,False,False,True
0.31,0.55,1.2,0.775,False,False,True
0.32,0.55,1.2,0.775,False,False,True
0.33,0.55,1.2,0.775,False,False,True
0.34,0.55,1.2,0.775,False,False,True
0.35,0.55,1.2,0.775,False,False,True
0.36,0.55,1.2,0.775,False,False,True
0.37,0.55,1.2,0.775,False,False,True
0.38,0.55,1.2,0.775,False,False,True
0.39,0.55,1.2,0.775,False,False,True
0.4,0.55,1.2,0.775,False,False,True
0.41,0.55,1.2,0.775,False,False,True
0.42,0.55,1.2,0.775,False,False,True
0.43,0.55,1.2,0.775,False,False,True
0.44,0.55,1.2,0.775,False,False,True
0.45,0.55,1.2,0.775,False,False,True
0.46,0.55,1.2,0.775,False,False,True
0.47,0.55,1.2,0.775,False,False,True
0.48,0.55,1.2,0.775,False,False,True
0.49,0.55,1.2,0.775,False,False,True
0.5,0.55,1.2,0.775,False,False,True
0.51,0.55,1.2,0.775,False,False,True
0.52,0.55,1.2,0.775,False,False,True
0.53,0.55,1.2,0.775,False,False,True
0.54,0.55,1.2,0.775,False,False,True
0.55,0.55,1.2,0.775,False,False,True
0.56,0.55,1.2,0.775,False,False,True
0.57,0.55,1.2,0.775,False,False,True
0.58,0.55,1.2,0.775,False,False,True
0.59,0.55,1.2,0.775,False,False,True
0.6,0.55,1.2,0.775,False,False,True
0.61,0.55,1.2,0.775,False,False,True
0.62,0.55,1.2,0.775,False,False,True
0.63,0.55,1.2,0.775,False,False,True
0.64,0.55,1.2,0.775,False,False,True
0.65,0.55,1.2,0.775,False,False,True
0.66,0.55,1.2,0.775,False,False,True
0.67,0.55,1.2,0.775,False,False,True
0.68,0.55,1.2,0.775,False,False,True
0.69,0.55,1.2,0.775,False,False,True
0.7,0.55,1.2,0.775,False,False,True
0.71,0.55,1.2,0.775,False,False,True
0.72,0.55,1.2,0.775,False,False,True
0.73,0.55,1.2,0.775,False,False,True
0.74,0.55,1.2,0.775,False,False,True
0.75,0.55,1.2,0.775,False,False,True
0.76,0.55,1.2,0.775,False,False,True
0.77,0.55,1.2,0.775,False,False,True
0.78,0.55,1.2,0.775,True,True,True
0.79,0.55,1.2,0.775,True,True,True
0.8,0.55,1.2,0.775,True,True,True
0.81,0.55,1.2,0.775,True,True,True
0.82,0.55,1.2,0.775,True,True,True
0.83,0.55,1.2,0.775,True,True,True
0.84,0.55,1.2,0.775,True,True,True
0.85,0.55,1.2,0.775,True,True,True
0.86,0.55,1.2,0.775,True,True,True
0.87,0.55,1.2,0.775,True,True,True
0.88,0.55,1.2,0.775,True,True,True
0.89,0.55,1.2,0.775,True,True,True
0.9,0.55,1.2,0.775,True,True,True
0.91,0.55,1.2,0.775,True,True,True
0.92,0.55,1.2,0.775,True,True,True
0.93,0.55,1.2,0.775,True,True,True
0.94,0.55,1.2,0.775,True,True,True
0.95,0.55,1.2,0.775,True,True,True
0.96,0.55,1.2,0.775,True,True,True
0.97,0.55,1.2,0.775,True,True,True
0.98,0.55,1.2,0.775,True,True,True
0.99,0.55,1.2,0.775,True,True,True
0.01,0.6,1.2,0.8,False,False,True
0.02,0.6,1.2,0.8,False,False,True
0.03,0.6,1.2,0.8,False,False,True
0.04,0.6,1.2,0.8,False,False,True
0.05,0.6,1.2,0.8,False,False,True
0.06,0.6,1.2,0.8,False,False,True
0.07,0.6,1.2,0.8,False,False,True
0.08,0.6,1.2,0.8,False,False,True
0.09,0.6,1.2,0.8,False,False,True
0.1,0.6,1.2,0.8,False,False,True
0.11,0.6,1.2,0.8,False,False,True
0.12,0.6,1.2,0.8,False,False,True
0.13,0.6,1.2,0.8,False,False,True
0.14,0.6,1.2,0.8,False,False,True
0.15,0.6,1.2,0.8,False,False,True
0.16,0.6,1.2,0.8,False,False,True
0.17,0.6,1.2,0.8,False,False,True
0.18,0.6,1.2,0.8,False,False,True
0.19,0.6,1.2,0.8,False,False,True
0.2,0.6,1.2,0.8,False,False,True
0.21,0.6,1.2,0.8,False,False,True
0.22,0.6,1.2,0.8,False,False,True
0.23,0.6,1.2,0.8,False,False,True
0.24,0.6,1.2,0.8,False,False,True
0.25,0.6,1.2,0.8,False,False,True
0.26,0.6,1.2,0.8,False,False,True
0.27,0.6,1.2,0.8,False,False,True
0.28,0.6,1.2,0.8,False,False,True
0.29,0.6,1.2,0.8,False,False,True
0.3,0.6,1.2,0.8,False,False,True
0.31,0.6,1.2,0.8,False,False,True
0.32,0.6,1.2,0.8,False,False,True
0.33,0.6,1.2,0.8,False,False,True
0.34,0.6,1.2,0.8,False,False,True
0.35,0.6,1.2,0.8,False,False,True
0.36,0.6,1.2,0.8,False,False,True
0.37,0.6,1.2,0.8,False,False,True
0.38,0.6,1.2,0.8,False,False,True
0.39,0.6,1.2,0.8,False,False,True
0.4,0.6,1.2,0.8,False,False,True
0.41,0.6,1.2,0.8,False,False,True
0.42,0.6,1.2,0.8,False,False,True
0.43,0.6,1.2,0.8,False,False,True
0.44,0.6,1.2,0.8,False,False,True
0.45,0.6,1.2,0.8,False,False,True
0.46,0.6,1.2,0.8,False,False,True
0.47,0.6,1.2,0.8,False,False,True
0.48,0.6,1.2,0.8,False,False,True
0.49,0.6,1.2,0.8,False,False,True
0.5,0.6,1.2,0.8,False,False,True
0.51,0.6,1.2,0.8,False,False,True
0.52,0.6,1.2,0.8,False,False,True
0.53,0.6,1.2,0.8,False,False,True
0.54,0.6,1.2,0.8,False,False,True
0.55,0.6,1.2,0.8,False,False,True
0.56,0.6,1.2,0.8,False,False,True
0.57,0.6,1.2,0.8,False,False,True
0.58,0.6,1.2,0.8,False,False,True
0.59,0.6,1.2,0.8,False,False,True
0.6,0.6,1.2,0.8,False,False,True
0.61,0.6,1.2,0.8,False,False,True
0.62,0.6,1.2,0.8,False,False,True
0.63,0.6,1.2,0.8,False,False,True
0.64,0.6,1.2,0.8,False,False,True
0.65,0.6,1.2,0.8,False,False,True
0.66,0.6,1.2,0.8,False,False,True
0.67,0.6,1.2,0.8,False,False,True
0.68,0.6,1.2,0.8,False,False,True
0.69,0.6,1.2,0.8,False,False,True
0.7,0.6,1.2,0.8,False,False,True
0.71,0.6,1.2,0.8,False,False,True
0.72,0.6,1.2,0.8,False,False,True
0.73,0.6,1.2,0.8,False,False,True
0.74,0.6,1.2,0.8,False,False,True
0.75,0.6,1.2,0.8,False,False,True
0.76,0.6,1.2,0.8,False,False,True
0.77,0.6,1.2,0.8,False,False,True
0.78,0.6,1.2,0.8,False,False,True
0.79,0.6,1.2,0.8,False,False,True
0.8,0.6,1.2,0.8,True,True,True
0.81,0.6,1.2,0.8,True,True,True
0.82,0.6,1.2,0.8,True,True,True
0.83,0.6,1.2,0.8,True,True,True
0.84,0.6,1.2,0.8,True,True,True
0.85,0.6,1.2,0.8,True,True,True
0.86,0.6,1.2,0.8,True,True,True
0.87,0.6,1.2,0.8,True,True,True
0.88,0.6,1.2,0.8,True,True,True
0.89,0.6,1.2,0.8,True,True,True
0.9,0.6,1.2,0.8,True,True,True
0.91,0.6,1.2,0.8,True,True,True
0.92,0.6,1.2,0.8,True,True,True
0.93,0.6,1.2,0.8,True,True,True
0.94,0.6,1.2,0.8,True,True,True
0.95,0.6,1.2,0.8,True,True,True
0.96,0.6,1.2,0.8,True,True,True
0.97,0.6,1.2,0.8,True,True,True
0.98,0.6,1.2,0.8,True,True,True
0.99,0.6,1.2,0.8,True,True,True
0.01,0.65,1.2,0.825,False,False,True
0.02,0.65,1.2,0.825,False,False,True
0.03,0.65,1.2,0.825,False,False,True
0.04,0.65,1.2,0.825,False,False,True
0.05,0.65,1.2,0.825,False,False,True
0.06,0.65,1.2,0.825,False,False,True
0.07,0.65,1.2,0.825,False,False,True
0.08,0.65,1.2,0.825,False,False,True
0.09,0.65,1.2,0.825,False,False,True
0.1,0.65,1.2,0.825,False,False,True
0.11,0.65,1.2,0.825,False,False,True
0.12,0.65,1.2,0.825,False,False,True
0.13,0.65,1.2,0.825,False,False,True
0.14,0.65,1.2,0.825,False,False,True
0.15,0.65,1.2,0.825,False,False,True
0.16,0.65,1.2,0.825,False,False,True
0.17,0.65,1.2,0.825,False,False,True
0.18,0.65,1.2,0.825,False,False,True
0.19,0.65,1.2,0.825,False,False,True
0.2,0.65,1.2,0.825,False,False,True
0.21,0.65,1.2,0.825,False,False,True
0.22,0.65,1.2,0.825,False,False,True
0.23,0.65,1.2,0.825,False,False,True
0.24,0.65,1.2,0.825,False,False,True
0.25,0.65,1.2,0.825,False,False,True
0.26,0.65,1.2,0.825,False,False,True
0.27,0.65,1.2,0.825,False,False,True
0.28,0.65,1.2,0.825,False,False,True
0.29,0.65,1.2,0.825,False,False,True
0.3,0.65,1.2,0.825,False,False,True
0.31,0.65,1.2,0.825,False,False,True
0.32,0.65,1.2,0.825,False,False,True
0.33,0.65,1.2,0.825,False,False,True
0.34,0.65,1.2,0.825,False,False,True
0.35,0.65,1.2,0.825,False,False,True
0.36,0.65,1.2,0.825,False,False,True
0.37,0.65,1.2,0.825,False,False,True
0.38,0.65,1.2,0.825,False,False,True
0.39,0.65,1.2,0.825,False,False,True
0.4,0.65,1.2,0.825,False,False,True
0.41,0.65,1.2,0.825,False,False,True
0.42,0.65,1.2,0.825,False,False,True
0.43,0.65,1.2,0.825,False,False,True
0.44,0.65,1.2,0.825,False,False,True
0.45,0.65,1.2,0.825,False,False,True
0.46,0.65,1.2,0.825,False,False,True
0.47,0.65,1.2,0.825,False,False,True
0.48,0.65,1.2,0.825,False,False,True
0.49,0.65,1.2,0.825,False,False,True
0.5,0.65,1.2,0.825,False,False,True
0.51,0.65,1.2,0.825,False,False,True
0.52,0.65,1.2,0.825,False,False,True
0.53,0.65,1.2,0.825,False,False,True
0.54,0.65,1.2,0.825,False,False,True
0.55,0.65,1.2,0.825,False,False,True
0.56,0.65,1.2,0.825,False,False,True
0.57,0.65,1.2,0.825,False,False,True
0.58,0.65,1.2,0.825,False,False,True
0.59,0.65,1.2,0.825,False,False,True
0.6,0.65,1.2,0.825,False,False,True
0.61,0.65,1.2,0.825,False,False,True
0.62,0.65,1.2,0.825,False,False,True
0.63,0.65,1.2,0.825,False,False,True
0.64,0.65,1.2,0.825,False,False,True
0.65,0.65,1.2,0.825,False,False,True
0.66,0.65,1.2,0.825,False,False,True
0.67,0.65,1.2,0.825,False,False,True
0.68,0.65,1.2,0.825,False,False,True
0.69,0.65,1.2,0.825,False,False,True
0.7,0.65,1.2,0.825,False,False,True
0.71,0.65,1.2,0.825,False,False,True
0.72,0.65,1.2,0.825,False,False,True
0.73,0.65,1.2,0.825,False,False,True
0.74,0.65,1.2,0.825,False,False,True
0.75,0.65,1.2,0.825,False,False,True
0.76,0.65,1.2,0.825,False,False,True
0.77,0.65,1.2,0.825,False,False,True
0.78,0.65,1.2,0.825,False,False,True
0.79,0.65,1.2,0.825,False,False,True
0.8,0.65,1.2,0.825,False,False,True
0.81,0.65,1.2,0.825,False,False,True
0.82,0.65,1.2,0.825,False,False,True
0.83,0.65,1.2,0.825,True,True,True
0.84,0.65,1.2,0.825,True,True,True
0.85,0.65,1.2,0.825,True,True,True
0.86,0.65,1.2,0.825,True,True,True
0.87,0.65,1.2,0.825,True,True,True
0.88,0.65,1.2,0.825,True,True,True
0.89,0.65,1.2,0.825,True,True,True
0.9,0.65,1.2,0.825,True,True,True
0.91,0.65,1.2,0.825,True,True,True
0.92,0.65,1.2,0.825,True,True,True
0.93,0.65,1.2,0.825,True,True,True
0.94,0.65,1.2,0.825,True,True,True
0.95,0.65,1.2,0.825,True,True,True
0.96,0.65,1.2,0.825,True,True,True
0.97,0.65,1.2,0.825,True,True,True
0.98,0.65,1.2,0.825,True,True,True
0.99,0.65,1.2,0.825,True,True,True
0.01,0.7,1.2,0.85,False,False,True
0.02,0.7,1.2,0.85,False,False,True
0.03,0.7,1.2,0.85,False,False,True
0.04,0.7,1.2,0.85,False,False,True
0.05,0.7,1.2,0.85,False,False,True
0.06,0.7,1.2,0.85,False,False,True
0.07,0.7,1.2,0.85,False,False,True
0.08,0.7,1.2,0.85,False,False,True
0.09,0.7,1.2,0.85,False,False,True
0.1,0.7,1.2,0.85,False,False,True
0.11,0.7,1.2,0.85,False,False,True
0.12,0.7,1.2,0.85,False,False,True
0.13,0.7,1.2,0.85,False,False,True
0.14,0.7,1.2,0.85,False,False,True
0.15,0.7,1.2,0.85,False,False,True
0.16,0.7,1.2,0.85,False,False,True
0.17,0.7,1.2,0.85,False,False,True
0.18,0.7,1.2,0.85,False,False,True
0.19,0.7,1.2,0.85,False,False,True
0.2,0.7,1.2,0.85,False,False,True
0.21,0.7,1.2,0.85,False,False,True
0.22,0.7,1.2,0.85,False,False,True
0.23,0.7,1.2,0.85,False,False,True
0.24,0.7,1.2,0.85,False,False,True
0.25,0.7,1.2,0.85,False,False,True
0.26,0.7,1.2,0.85,False,False,True
0.27,0.7,1.2,0.85,False,False,True
0.28,0.7,1.2,0.85,False,False,True
0.29,0.7,1.2,0.85,False,False,True
0.3,0.7,1.2,0.85,False,False,True
0.31,0.7,1.2,0.85,False,False,True
0.32,0.7,1.2,0.85,False,False,True
0.33,0.7,1.2,0.85,False,False,True
0.34,0.7,1.2,0.85,False,False,True
0.35,0.7,1.2,0.85,False,False,True
0.36,0.7,1.2,0.85,False,False,True
0.37,0.7,1.2,0.85,False,False,True
0.38,0.7,1.2,0.85,False,False,True
0.39,0.7,1.2,0.85,False,False,True
0.4,0.7,1.2,0.85,False,False,True
0.41,0.7,1.2,0.85,False,False,True
0.42,0.7,1.2,0.85,False,False,True
0.43,0.7,1.2,0.85,False,False,True
0.44,0.7,1.2,0.85,False,False,True
0.45,0.7,1.2,0.85,False,False,True
0.46,0.7,1.2,0.85,False,False,True
0.47,0.7,1.2,0.85,False,False,True
0.48,0.7,1.2,0.85,False,False,True
0.49,0.7,1.2,0.85,False,False,True
0.5,0.7,1.2,0.85,False,False,True
0.51,0.7,1.2,0.85,False,False,True
0.52,0.7,1.2,0.85,False,False,True
0.53,0.7,1.2,0.85,False,False,True
0.54,0.7,1.2,0.85,False,False,True
0.55,0.7,1.2,0.85,False,False,True
0.56,0.7,1.2,0.85,False,False,True
0.57,0.7,1.2,0.85,False,False,True
0.58,0.7,1.2,0.85,False,False,True
0.59,0.7,1.2,0.85,False,False,True
0.6,0.7,1.2,0.85,False,False,True
0.61,0.7,1.2,0.85,False,False,True
0.62,0.7,1.2,0.85,False,False,True
0.63,0.7,1.2,0.85,False,False,True
0.64,0.7,1.2,0.85,False,False,True
0.65,0.7,1.2,0.85,False,False,True
0.66,0.7,1.2,0.85,False,False,True
0.67,0.7,1.2,0.85,False,False,True
0.68,0.7,1.2,0.85,False,False,True
0.69,0.7,1.2,0.85,False,False,True
0.7,0.7,1.2,0.85,False,False,True
0.71,0.7,1.2,0.85,False,False,True
0.72,0.7,1.2,0.85,False,False,True
0.73,0.7,1.2,0.85,False,False,True
0.74,0.7,1.2,0.85,False,False,True
0.75,0.7,1.2,0.85,False,False,True
0.76,0.7,1.2,0.85,False,False,True
0.77,0.7,1.2,0.85,False,False,True
0.78,0.7,1.2,0.85,False,False,True
0.79,0.7,1.2,0.85,False,False,True
0.8,0.7,1.2,0.85,False,False,True
0.81,0.7,1.2,0.85,False,False,True
0.82,0.7,1.2,0.85,False,False,True
0.83,0.7,1.2,0.85,False,False,True
0.84,0.7,1.2,0.85,False,False,True
0.85,0.7,1.2,0.85,True,True,True
0.86,0.7,1.2,0.85,True,True,True
0.87,0.7,1.2,0.85,True,True,True
0.88,0.7,1.2,0.85,True,True,True
0.89,0.7,1.2,0.85,True,True,True
0.9,0.7,1.2,0.85,True,True,True
0.91,0.7,1.2,0.85,True,True,True
0.92,0.7,1.2,0.85,True,True,True
0.93,0.7,1.2,0.85,True,True,True
0.94,0.7,1.2,0.85,True,True,True
0.95,0.7,1.2,0.85,True,True,True
0.96,0.7,1.2,0.85,True,True,True
0.97,0.7,1.2,0.85,True,True,True
0.98,0.7,1.2,0.85,True,True,True
0.99,0.7,1.2,0.85,True,True,True
0.01,0.75,1.2,0.875,False,False,True
0.02,0.75,1.2,0.875,False,False,True
0.03,0.75,1.2,0.875,False,False,True
0.04,0.75,1.2,0.875,False,False,True
0.05,0.75,1.2,0.875,False,False,True
0.06,0.75,1.2,0.875,False,False,True
0.07,0.75,1.2,0.875,False,False,True
0.08,0.75,1.2,0.875,False,False,True
0.09,0.75,1.2,0.875,False,False,True
0.1,0.75,1.2,0.875,False,False,True
0.11,0.75,1.2,0.875,False,False,True
0.12,0.75,1.2,0.875,False,False,True
0.13,0.75,1.2,0.875,False,False,True
0.14,0.75,1.2,0.875,False,False,True
0.15,0.75,1.2,0.875,False,False,True
0.16,0.75,1.2,0.875,False,False,True
0.17,0.75,1.2,0.875,False,False,True
0.18,0.75,1.2,0.875,False,False,True
0.19,0.75,1.2,0.875,False,False,True
0.2,0.75,1.2,0.875,False,False,True
0.21,0.75,1.2,0.875,False,False,True
0.22,0.75,1.2,0.875,False,False,True
0.23,0.75,1.2,0.875,False,False,True
0.24,0.75,1.2,0.875,False,False,True
0.25,0.75,1.2,0.875,False,False,True
0.26,0.75,1.2,0.875,False,False,True
0.27,0.75,1.2,0.875,False,False,True
0.28,0.75,1.2,0.875,False,False,True
0.29,0.75,1.2,0.875,False,False,True
0.3,0.75,1.2,0.875,False,False,True
0.31,0.75,1.2,0.875,False,False,True
0.32,0.75,1.2,0.875,False,False,True
0.33,0.75,1.2,0.875,False,False,True
0.34,0.75,1.2,0.875,False,False,True
0.35,0.75,1.2,0.875,False,False,True
0.36,0.75,1.2,0.875,False,False,True
0.37,0.75,1.2,0.875,False,False,True
0.38,0.75,1.2,0.875,False,False,True
0.39,0.75,1.2,0.875,False,False,True
0.4,0.75,1.2,0.875,False,False,True
0.41,0.75,1.2,0.875,False,False,True
0.42,0.75,1.2,0.875,False,False,True
0.43,0.75,1.2,0.875,False,False,True
0.44,0.75,1.2,0.875,False,False,True
0.45,0.75,1.2,0.875,False,False,True
0.46,0.75,1.2,0.875,False,False,True
0.47,0.75,1.2,0.875,False,False,True
0.48,0.75,1.2,0.875,False,False,True
0.49,0.75,1.2,0.875,False,False,True
0.5,0.75,1.2,0.875,False,False,True
0.51,0.75,1.2,0.875,False,False,True
0.52,0.75,1.2,0.875,False,False,True
0.53,0.75,1.2,0.875,False,False,True
0.54,0.75,1.2,0.875,False,False,True
0.55,0.75,1.2,0.875,False,False,True
0.56,0.75,1.2,0.875,False,False,True
0.57,0.75,1.2,0.875,False,False,True
0.58,0.75,1.2,0.875,False,False,True
0.59,0.75,1.2,0.875,False,False,True
0.6,0.75,1.2,0.875,False,False,True
0.61,0.75,1.2,0.875,False,False,True
0.62,0.75,1.2,0.875,False,False,True
0.63,0.75,1.2,0.875,False,False,True
0.64,0.75,1.2,0.875,False,False,True
0.65,0.75,1.2,0.875,False,False,True
0.66,0.75,1.2,0.875,False,False,True
0.67,0.75,1.2,0.875,False,False,True
0.68,0.75,1.2,0.875,False,False,True
0.69,0.75,1.2,0.875,False,False,True
0.7,0.75,1.2,0.875,False,False,True
0.71,0.75,1.2,0.875,False,False,True
0.72,0.75,1.2,0.875,False,False,True
0.73,0.75,1.2,0.875,False,False,True
0.74,0.75,1.2,0.875,False,False,True
0.75,0.75,1.2,0.875,False,False,True
0.76,0.75,1.2,0.875,False,False,True
0.77,0.75,1.2,0.875,False,False,True
0.78,0.75,1.2,0.875,False,False,True
0.79,0.75,1.2,0.875,False,False,True
0.8,0.75,1.2,0.875,False,False,True
0.81,0.75,1.2,0.875,False,False,True
0.82,0.75,1.2,0.875,False,False,True
0.83,0.75,1.2,0.875,False,False,True
0.84,0.75,1.2,0.875,False,False,True
0.85,0.75,1.2,0.875,False,False,True
0.86,0.75,1.2,0.875,False,False,True
0.87,0.75,1.2,0.875,False,False,True
0.88,0.75,1.2,0.875,True,True,True
0.89,0.75,1.2,0.875,True,True,True
0.9,0.75,1.2,0.875,True,True,True
0.91,0.75,1.2,0.875,True,True,True
0.92,0.75,1.2,0.875,True,True,True
0.93,0.75,1.2,0.875,True,True,True
0.94,0.75,1.2,0.875,True,True,True
0.95,0.75,1.2,0.875,True,True,True
0.96,0.75,1.2,0.875,True,True,True
0.97,0.75,1.2,0.875,True,True,True
0.98,0.75,1.2,0.875,True,True,True
0.99,0.75,1.2,0.875,True,True,True
0.01,0.8,1.2,0.9,False,False,True
0.02,0.8,1.2,0.9,False,False,True
0.03,0.8,1.2,0.9,False,False,True
0.04,0.8,1.2,0.9,False,False,True
0.05,0.8,1.2,0.9,False,False,True
0.06,0.8,1.2,0.9,False,False,True
0.07,0.8,1.2,0.9,False,False,True
0.08,0.8,1.2,0.9,False,False,True
0.09,0.8,1.2,0.9,False,False,True
0.1,0.8,1.2,0.9,False,False,True
0.11,0.8,1.2,0.9,False,False,True
0.12,0.8,1.2,0.9,False,False,True
0.13,0.8,1.2,0.9,False,False,True
0.14,0.8,1.2,0.9,False,False,True
0.15,0.8,1.2,0.9,False,False,True
0.16,0.8,1.2,0.9,False,False,True
0.17,0.8,1.2,0.9,False,False,True
0.18,0.8,1.2,0.9,False,False,True
0.19,0.8,1.2,0.9,False,False,True
0.2,0.8,1.2,0.9,False,False,True
0.21,0.8,1.2,0.9,False,False,True
0.22,0.8,1.2,0.9,False,False,True
0.23,0.8,1.2,0.9,False,False,True
0.24,0.8,1.2,0.9,False,False,True
0.25,0.8,1.2,0.9,False,False,True
0.26,0.8,1.2,0.9,False,False,True
0.27,0.8,1.2,0.9,False,False,True
0.28,0.8,1.2,0.9,False,False,True
0.29,0.8,1.2,0.9,False,False,True
0.3,0.8,1.2,0.9,False,False,True
0.31,0.8,1.2,0.9,False,False,True
0.32,0.8,1.2,0.9,False,False,True
0.33,0.8,1.2,0.9,False,False,True
0.34,0.8,1.2,0.9,False,False,True
0.35,0.8,1.2,0.9,False,False,True
0.36,0.8,1.2,0.9,False,False,True
0.37,0.8,1.2,0.9,False,False,True
0.38,0.8,1.2,0.9,False,False,True
0.39,0.8,1.2,0.9,False,False,True
0.4,0.8,1.2,0.9,False,False,True
0.41,0.8,1.2,0.9,False,False,True
0.42,0.8,1.2,0.9,False,False,True
0.43,0.8,1.2,0.9,False,False,True
0.44,0.8,1.2,0.9,False,False,True
0.45,0.8,1.2,0.9,False,False,True
0.46,0.8,1.2,0.9,False,False,True
0.47,0.8,1.2,0.9,False,False,True
0.48,0.8,1.2,0.9,False,False,True
0.49,0.8,1.2,0.9,False,False,True
0.5,0.8,1.2,0.9,False,False,True
0.51,0.8,1.2,0.9,False,False,True
0.52,0.8,1.2,0.9,False,False,True
0.53,0.8,1.2,0.9,False,False,True
0.54,0.8,1.2,0.9,False,False,True
0.55,0.8,1.2,0.9,False,False,True
0.56,0.8,1.2,0.9,False,False,True
0.57,0.8,1.2,0.9,False,False,True
0.58,0.8,1.2,0.9,False,False,True
0.59,0.8,1.2,0.9,False,False,True
0.6,0.8,1.2,0.9,False,False,True
0.61,0.8,1.2,0.9,False,False,True
0.62,0.8,1.2,0.9,False,False,True
0.63,0.8,1.2,0.9,False,False,True
0.64,0.8,1.2,0.9,False,False,True
0.65,0.8,1.2,0.9,False,False,True
0.66,0.8,1.2,0.9,False,False,True
0.67,0.8,1.2,0.9,False,False,True
0.68,0.8,1.2,0.9,False,False,True
0.69,0.8,1.2,0.9,False,False,True
0.7,0.8,1.2,0.9,False,False,True
0.71,0.8,1.2,0.9,False,False,True
0.72,0.8,1.2,0.9,False,False,True
0.73,0.8,1.2,0.9,False,False,True
0.74,0.8,1.2,0.9,False,False,True
0.75,0.8,1.2,0.9,False,False,True
0.76,0.8,1.2,0.9,False,False,True
0.77,0.8,1.2,0.9,False,False,True
0.78,0.8,1.2,0.9,False,False,True
0.79,0.8,1.2,0.9,False,False,True
0.8,0.8,1.2,0.9,False,False,True
0.81,0.8,1.2,0.9,False,False,True
0.82,0.8,1.2,0.9,False,False,True
0.83,0.8,1.2,0.9,False,False,True
0.84,0.8,1.2,0.9,False,False,True
0.85,0.8,1.2,0.9,False,False,True
0.86,0.8,1.2,0.9,False,False,True
0.87,0.8,1.2,0.9,False,False,True
0.88,0.8,1.2,0.9,False,False,True
0.89,0.8,1.2,0.9,False,False,True
0.9,0.8,1.2,0.9,True,True,True
0.91,0.8,1.2,0.9,True,True,True
0.92,0.8,1.2,0.9,True,True,True
0.93,0.8,1.2,0.9,True,True,True
0.94,0.8,1.2,0.9,True,True,True
0.95,0.8,1.2,0.9,True,True,True
0.96,0.8,1.2,0.9,True,True,True
0.97,0.8,1.2,0.9,True,True,True
0.98,0.8,1.2,0.9,True,True,True
0.99,0.8,1.2,0.9,True,True,True
0.01,0.85,1.2,0.925,False,False,True
0.02,0.85,1.2,0.925,False,False,True
0.03,0.85,1.2,0.925,False,False,True
0.04,0.85,1.2,0.925,False,False,True
0.05,0.85,1.2,0.925,False,False,True
0.06,0.85,1.2,0.925,False,False,True
0.07,0.85,1.2,0.925,False,False,True
0.08,0.85,1.2,0.925,False,False,True
0.09,0.85,1.2,0.925,False,False,True
0.1,0.85,1.2,0.925,False,False,True
0.11,0.85,1.2,0.925,False,False,True
0.12,0.85,1.2,0.925,False,False,True
0.13,0.85,1.2,0.925,False,False,True
0.14,0.85,1.2,0.925,False,False,True
0.15,0.85,1.2,0.925,False,False,True
0.16,0.85,1.2,0.925,False,False,True
0.17,0.85,1.2,0.925,False,False,True
0.18,0.85,1.2,0.925,False,False,True
0.19,0.85,1.2,0.925,False,False,True
0.2,0.85,1.2,0.925,False,False,True
0.21,0.85,1.2,0.925,False,False,True
0.22,0.85,1.2,0.925,False,False,True
0.23,0.85,1.2,0.925,False,False,True
0.24,0.85,1.2,0.925,False,False,True
0.25,0.85,1.2,0.925,False,False,True
0.26,0.85,1.2,0.925,False,False,True
0.27,0.85,1.2,0.925,False,False,True
0.28,0.85,1.2,0.925,False,False,True
0.29,0.85,1.2,0.925,False,False,True
0.3,0.85,1.2,0.925,False,False,True
0.31,0.85,1.2,0.925,False,False,True
0.32,0.85,1.2,0.925,False,False,True
0.33,0.85,1.2,0.925,False,False,True
0.34,0.85,1.2,0.925,False,False,True
0.35,0.85,1.2,0.925,False,False,True
0.36,0.85,1.2,0.925,False,False,True
0.37,0.85,1.2,0.925,False,False,True
0.38,0.85,1.2,0.925,False,False,True
0.39,0.85,1.2,0.925,False,False,True
0.4,0.85,1.2,0.925,False,False,True
0.41,0.85,1.2,0.925,False,False,True
0.42,0.85,1.2,0.925,False,False,True
0.43,0.85,1.2,0.925,False,False,True
0.44,0.85,1.2,0.925,False,False,True
0.45,0.85,1.2,0.925,False,False,True
0.46,0.85,1.2,0.925,False,False,True
0.47,0.85,1.2,0.925,False,False,True
0.48,0.85,1.2,0.925,False,False,True
0.49,0.85,1.2,0.925,False,False,True
0.5,0.85,1.2,0.925,False,False,True
0.51,0.85,1.2,0.925,False,False,True
0.52,0.85,1.2,0.925,False,False,True
0.53,0.85,1.2,0.925,False,False,True
0.54,0.85,1.2,0.925,False,False,True
0.55,0.85,1.2,0.925,False,False,True
0.56,0.85,1.2,0.925,False,False,True
0.57,0.85,1.2,0.925,False,False,True
0.58,0.85,1.2,0.925,False,False,True
0.59,0.85,1.2,0.925,False,False,True
0.6,0.85,1.2,0.925,False,False,True
0.61,0.85,1.2,0.925,False,False,True
0.62,0.85,1.2,0.925,False,False,True
0.63,0.85,1.2,0.925,False,False,True
0.64,0.85,1.2,0.925,False,False,True
0.65,0.85,1.2,0.925,False,False,True
0.66,0.85,1.2,0.925,False,False,True
0.67,0.85,1.2,0.925,False,False,True
0.68,0.85,1.2,0.925,False,False,True
0.69,0.85,1.2,0.925,False,False,True
0.7,0.85,1.2,0.925,False,False,True
0.71,0.85,1.2,0.925,False,False,True
0.72,0.85,1.2,0.925,False,False,True
0.73,0.85,1.2,0.925,False,False,True
0.74,0.85,1.2,0.925,False,False,True
0.75,0.85,1.2,0.925,False,False,True
0.76,0.85,1.2,0.925,False,False,True
0.77,0.85,1.2,0.925,False,False,True
0.78,0.85,1.2,0.925,False,False,True
0.79,0.85,1.2,0.925,False,False,True
0.8,0.85,1.2,0.925,False,False,True
0.81,0.85,1.2,0.925,False,False,True
0.82,0.85,1.2,0.925,False,False,True
0.83,0.85,1.2,0.925,False,False,True
0.84,0.85,1.2,0.925,False,False,True
0.85,0.85,1.2,0.925,False,False,True
0.86,0.85,1.2,0.925,False,False,True
0.87,0.85,1.2,0.925,False,False,True
0.88,0.85,1.2,0.925,False,False,True
0.89,0.85,1.2,0.925,False,False,True
0.9,0.85,1.2,0.925,False,False,True
0.91,0.85,1.2,0.925,False,False,True
0.92,0.85,1.2,0.925,False,False,True
0.93,0.85,1.2,0.925,True,True,True
0.94,0.85,1.2,0.925,True,True,True
0.95,0.85,1.2,0.925,True,True,True
0.96,0.85,1.2,0.925,True,True,True
0.97,0.85,1.2,0.925,True,True,True
0.98,0.85,1.2,0.925,True,True,True
0.99,0.85,1.2,0.925,True,True,True
0.01,0.9,1.2,0.95,False,False,True
0.02,0.9,1.2,0.95,False,False,True
0.03,0.9,1.2,0.95,False,False,True
0.04,0.9,1.2,0.95,False,False,True
0.05,0.9,1.2,0.95,False,False,True
0.06,0.9,1.2,0.95,False,False,True
0.07,0.9,1.2,0.95,False,False,True
0.08,0.9,1.2,0.95,False,False,True
0.09,0.9,1.2,0.95,False,False,True
0.1,0.9,1.2,0.95,False,False,True
0.11,0.9,1.2,0.95,False,False,True
0.12,0.9,1.2,0.95,False,False,True
0.13,0.9,1.2,0.95,False,False,True
0.14,0.9,1.2,0.95,False,False,True
0.15,0.9,1.2,0.95,False,False,True
0.16,0.9,1.2,0.95,False,False,True
0.17,0.9,1.2,0.95,False,False,True
0.18,0.9,1.2,0.95,False,False,True
0.19,0.9,1.2,0.95,False,False,True
0.2,0.9,1.2,0.95,False,False,True
0.21,0.9,1.2,0.95,False,False,True
0.22,0.9,1.2,0.95,False,False,True
0.23,0.9,1.2,0.95,False,False,True
0.24,0.9,1.2,0.95,False,False,True
0.25,0.9,1.2,0.95,False,False,True
0.26,0.9,1.2,0.95,False,False,True
0.27,0.9,1.2,0.95,False,False,True
0.28,0.9,1.2,0.95,False,False,True
0.29,0.9,1.2,0.95,False,False,True
0.3,0.9,1.2,0.95,False,False,True
0.31,0.9,1.2,0.95,False,False,True
0.32,0.9,1.2,0.95,False,False,True
0.33,0.9,1.2,0.95,False,False,True
0.34,0.9,1.2,0.95,False,False,True
0.35,0.9,1.2,0.95,False,False,True
0.36,0.9,1.2,0.95,False,False,True
0.37,0.9,1.2,0.95,False,False,True
0.38,0.9,1.2,0.95,False,False,True
0.39,0.9,1.2,0.95,False,False,True
0.4,0.9,1.2,0.95,False,False,True
0.41,0.9,1.2,0.95,False,False,True
0.42,0.9,1.2,0.95,False,False,True
0.43,0.9,1.2,0.95,False,False,True
0.44,0.9,1.2,0.95,False,False,True
0.45,0.9,1.2,0.95,False,False,True
0.46,0.9,1.2,0.95,False,False,True
0.47,0.9,1.2,0.95,False,False,True
0.48,0.9,1.2,0.95,False,False,True
0.49,0.9,1.2,0.95,False,False,True
0.5,0.9,1.2,0.95,False,False,True
0.51,0.9,1.2,0.95,False,False,True
0.52,0.9,1.2,0.95,False,False,True
0.53,0.9,1.2,0.95,False,False,True
0.54,0.9,1.2,0.95,False,False,True
0.55,0.9,1.2,0.95,False,False,True
0.56,0.9,1.2,0.95,False,False,True
0.57,0.9,1.2,0.95,False,False,True
0.58,0.9,1.2,0.95,False,False,True
0.59,0.9,1.2,0.95,False,False,True
0.6,0.9,1.2,0.95,False,False,True
0.61,0.9,1.2,0.95,False,False,True
0.62,0.9,1.2,0.95,False,False,True
0.63,0.9,1.2,0.95,False,False,True
0.64,0.9,1.2,0.95,False,False,True
0.65,0.9,1.2,0.95,False,False,True
0.66,0.9,1.2,0.95,False,False,True
0.67,0.9,1.2,0.95,False,False,True
0.68,0.9,1.2,0.95,False,False,True
0.69,0.9,1.2,0.95,False,False,True
0.7,0.9,1.2,0.95,False,False,True
0.71,0.9,1.2,0.95,False,False,True
0.72,0.9,1.2,0.95,False,False,True
0.73,0.9,1.2,0.95,False,False,True
0.74,0.9,1.2,0.95,False,False,True
0.75,0.9,1.2,0.95,False,False,True
0.76,0.9,1.2,0.95,False,False,True
0.77,0.9,1.2,0.95,False,False,True
0.78,0.9,1.2,0.95,False,False,True
0.79,0.9,1.2,0.95,False,False,True
0.8,0.9,1.2,0.95,False,False,True
0.81,0.9,1.2,0.95,False,False,True
0.82,0.9,1.2,0.95,False,False,True
0.83,0.9,1.2,0.95,False,False,True
0.84,0.9,1.2,0.95,False,False,True
0.85,0.9,1.2,0.95,False,False,True
0.86,0.9,1.2,0.95,False,False,True
0.87,0.9,1.2,0.95,False,False,True
0.88,0.9,1.2,0.95,False,False,True
0.89,0.9,1.2,0.95,False,False,True
0.9,0.9,1.2,0.95,False,False,True
0.91,0.9,1.2,0.95,False,False,True
0.92,0.9,1.2,0.95,False,False,True
0.93,0.9,1.2,0.95,False,False,True
0.94,0.9,1.2,0.95,False,False,True
0.95,0.9,1.2,0.95,True,True,True
0.96,0.9,1.2,0.95,True,True,True
0.97,0.9,1.2,0.95,True,True,True
0.98,0.9,1.2,0.95,True,True,True
0.99,0.9,1.2,0.95,True,True,True
0.01,0.95,1.2,0.975,False,False,True
0.02,0.95,1.2,0.975,False,False,True
0.03,0.95,1.2,0.975,False,False,True
0.04,0.95,1.2,0.975,False,False,True
0.05,0.95,1.2,0.975,False,False,True
0.06,0.95,1.2,0.975,False,False,True
0.07,0.95,1.2,0.975,False,False,True
0.08,0.95,1.2,0.975,False,False,True
0.09,0.95,1.2,0.975,False,False,True
0.1,0.95,1.2,0.975,False,False,True
0.11,0.95,1.2,0.975,False,False,True
0.12,0.95,1.2,0.975,False,False,True
0.13,0.95,1.2,0.975,False,False,True
0.14,0.95,1.2,0.975,False,False,True
0.15,0.95,1.2,0.975,False,False,True
0.16,0.95,1.2,0.975,False,False,True
0.17,0.95,1.2,0.975,False,False,True
0.18,0.95,1.2,0.975,False,False,True
0.19,0.95,1.2,0.975,False,False,True
0.2,0.95,1.2,0.975,False,False,True
0.21,0.95,1.2,0.975,False,False,True
0.22,0.95,1.2,0.975,False,False,True
0.23,0.95,1.2,0.975,False,False,True
0.24,0.95,1.2,0.975,False,False,True
0.25,0.95,1.2,0.975,False,False,True
0.26,0.95,1.2,0.975,False,False,True
0.27,0.95,1.2,0.975,False,False,True
0.28,0.95,1.2,0.975,False,False,True
0.29,0.95,1.2,0.975,False,False,True
0.3,0.95,1.2,0.975,False,False,True
0.31,0.95,1.2,0.975,False,False,True
0.32,0.95,1.2,0.975,False,False,True
0.33,0.95,1.2,0.975,False,False,True
0.34,0.95,1.2,0.975,False,False,True
0.35,0.95,1.2,0.975,False,False,True
0.36,0.95,1.2,0.975,False,False,True
0.37,0.95,1.2,0.975,False,False,True
0.38,0.95,1.2,0.975,False,False,True
0.39,0.95,1.2,0.975,False,False,True
0.4,0.95,1.2,0.975,False,False,True
0.41,0.95,1.2,0.975,False,False,True
0.42,0.95,1.2,0.975,False,False,True
0.43,0.95,1.2,0.975,False,False,True
0.44,0.95,1.2,0.975,False,False,True
0.45,0.95,1.2,0.975,False,False,True
0.46,0.95,1.2,0.975,False,False,True
0.47,0.95,1.2,0.975,False,False,True
0.48,0.95,1.2,0.975,False,False,True
0.49,0.95,1.2,0.975,False,False,True
0.5,0.95,1.2,0.975,False,False,True
0.51,0.95,1.2,0.975,False,False,True
0.52,0.95,1.2,0.975,False,False,True
0.53,0.95,1.2,0.975,False,False,True
0.54,0.95,1.2,0.975,False,False,True
0.55,0.95,1.2,0.975,False,False,True
0.56,0.95,1.2,0.975,False,False,True
0.57,0.95,1.2,0.975,False,False,True
0.58,0.95,1.2,0.975,False,False,True
0.59,0.95,1.2,0.975,False,False,True
0.6,0.95,1.2,0.975,False,False,True
0.61,0.95,1.2,0.975,False,False,True
0.62,0.95,1.2,0.975,False,False,True
0.63,0.95,1.2,0.975,False,False,True
0.64,0.95,1.2,0.975,False,False,True
0.65,0.95,1.2,0.975,False,False,True
0.66,0.95,1.2,0.975,False,False,True
0.67,0.95,1.2,0.975,False,False,True
0.68,0.95,1.2,0.975,False,False,True
0.69,0.95,1.2,0.975,False,False,True
0.7,0.95,1.2,0.975,False,False,True
0.71,0.95,1.2,0.975,False,False,True
0.72,0.95,1.2,0.975,False,False,True
0.73,0.95,1.2,0.975,False,False,True
0.74,0.95,1.2,0.975,False,False,True
0.75,0.95,1.2,0.975,False,False,True
0.76,0.95,1.2,0.975,False,False,True
0.77,0.95,1.2,0.975,False,False,True
0.78,0.95,1.2,0.975,False,False,True
0.79,0.95,1.2,0.975,False,False,True
0.8,0.95,1.2,0.975,False,False,True
0.81,0.95,1.2,0.975,False,False,True
0.82,0.95,1.2,0.975,False,False,True
0.83,0.95,1.2,0.975,False,False,True
0.84,0.95,1.2,0.975,False,False,True
0.85,0.95,1.2,0.975,False,False,True
0.86,0.95,1.2,0.975,False,False,True
0.87,0.95,1.2,0.975,False,False,True
0.88,0.95,1.2,0.975,False,False,True
0.89,0.95,1.2,0.975,False,False,True
0.9,0.95,1.2,0.975,False,False,True
0.91,0.95,1.2,0.975,False,False,True
0.92,0.95,1.2,0.975,False,False,True
0.93,0.95,1.2,0.975,False,False,True
0.94,0.95,1.2,0.975,False,False,True
0.95,0.95,1.2,0.975,False,False,True
0.96,0.95,1.2,0.975,False,False,True
0.97,0.95,1.2,0.975,False,False,True
0.98,0.95,1.2,0.975,True,True,True
0.99,0.95,1.2,0.975,True,True,True
0.01,1.0,1.2,1.0,False,False,True
0.02,1.0,1.2,1.0,False,False,True
0.03,1.0,1.2,1.0,False,False,True
0.04,1.0,1.2,1.0,False,False,True
0.05,1.0,1.2,1.0,False,False,True
0.06,1.0,1.2,1.0,False,False,True
0.07,1.0,1.2,1.0,False,False,True
0.08,1.0,1.2,1.0,False,False,True
0.09,1.0,1.2,1.0,False,False,True
0.1,1.0,1.2,1.0,False,False,True
0.11,1.0,1.2,1.0,False,False,True
0.12,1.0,1.2,1.0,False,False,True
0.13,1.0,1.2,1.0,False,False,True
0.14,1.0,1.2,1.0,False,False,True
0.15,1.0,1.2,1.0,False,False,True
0.16,1.0,1.2,1.0,False,False,True
0.17,1.0,1.2,1.0,False,False,True
0.18,1.0,1.2,1.0,False,False,True
0.19,1.0,1.2,1.0,False,False,True
0.2,1.0,1.2,1.0,False,False,True
0.21,1.0,1.2,1.0,False,False,True
0.22,1.0,1.2,1.0,False,False,True
0.23,1.0,1.2,1.0,False,False,True
0.24,1.0,1.2,1.0,False,False,True
0.25,1.0,1.2,1.0,False,False,True
0.26,1.0,1.2,1.0,False,False,True
0.27,1.0,1.2,1.0,False,False,True
0.28,1.0,1.2,1.0,False,False,True
0.29,1.0,1.2,1.0,False,False,True
0.3,1.0,1.2,1.0,False,False,True
0.31,1.0,1.2,1.0,False,False,True
0.32,1.0,1.2,1.0,False,False,True
0.33,1.0,1.2,1.0,False,False,True
0.34,1.0,1.2,1.0,False,False,True
0.35,1.0,1.2,1.0,False,False,True
0.36,1.0,1.2,1.0,False,False,True
0.37,1.0,1.2,1.0,False,False,True
0.38,1.0,1.2,1.0,False,False,True
0.39,1.0,1.2,1.0,False,False,True
0.4,1.0,1.2,1.0,False,False,True
0.41,1.0,1.2,1.0,False,False,True
0.42,1.0,1.2,1.0,False,False,True
0.43,1.0,1.2,1.0,False,False,True
0.44,1.0,1.2,1.0,False,False,True
0.45,1.0,1.2,1.0,False,False,True
0.46,1.0,1.2,1.0,False,False,True
0.47,1.0,1.2,1.0,False,False,True
0.48,1.0,1.2,1.0,False,False,True
0.49,1.0,1.2,1.0,False,False,True
0.5,1.0,1.2,1.0,False,False,True
0.51,1.0,1.2,1.0,False,False,True
0.52,1.0,1.2,1.0,False,False,True
0.53,1.0,1.2,1.0,False,False,True
0.54,1.0,1.2,1.0,False,False,True
0.55,1.0,1.2,1.0,False,False,True
0.56,1.0,1.2,1.0,False,False,True
0.57,1.0,1.2,1.0,False,False,True
0.58,1.0,1.2,1.0,False,False,True
0.59,1.0,1.2,1.0,False,False,True
0.6,1.0,1.2,1.0,False,False,True
0.61,1.0,1.2,1.0,False,False,True
0.62,1.0,1.2,1.0,False,False,True
0.63,1.0,1.2,1.0,False,False,True
0.64,1.0,1.2,1.0,False,False,True
0.65,1.0,1.2,1.0,False,False,True
0.66,1.0,1.2,1.0,False,False,True
0.67,1.0,1.2,1.0,False,False,True
0.68,1.0,1.2,1.0,False,False,True
0.69,1.0,1.2,1.0,False,False,True
0.7,1.0,1.2,1.0,False,False,True
0.71,1.0,1.2,1.0,False,False,True
0.72,1.0,1.2,1.0,False,False,True
0.73,1.0,1.2,1.0,False,False,True
0.74,1.0,1.2,1.0,False,False,True
0.75,1.0,1.2,1.0,False,False,True
0.76,1.0,1.2,1.0,False,False,True
0.77,1.0,1.2,1.0,False,False,True
0.78,1.0,1.2,1.0,False,False,True
0.79,1.0,1.2,1.0,False,False,True
0.8,1.0,1.2,1.0,False,False,True
0.81,1.0,1.2,1.0,False,False,True
0.82,1.0,1.2,1.0,False,False,True
0.83,1.0,1.2,1.0,False,False,True
0.84,1.0,1.2,1.0,False,False,True
0.85,1.0,1.2,1.0,False,False,True
0.86,1.0,1.2,1.0,False,False,True
0.87,1.0,1.2,1.0,False,False,True
0.88,1.0,1.2,1.0,False,False,True
0.89,1.0,1.2,1.0,False,False,True
0.9,1.0,1.2,1.0,False,False,True
0.91,1.0,1.2,1.0,False,False,True
0.92,1.0,1.2,1.0,False,False,True
0.93,1.0,1.2,1.0,False,False,True
0.94,1.0,1.2,1.0,False,False,True
0.95,1.0,1.2,1.0,False,False,True
0.96,1.0,1.2,1.0,False,False,True
0.97,1.0,1.2,1.0,False,False,True
0.98,1.0,1.2,1.0,False,False,True
0.99,1.0,1.2,1.0,False,False,True
0.01,1.05,1.2,1.025,False,False,True
0.02,1.05,1.2,1.025,False,False,True
0.03,1.05,1.2,1.025,False,False,True
0.04,1.05,1.2,1.025,False,False,True
0.05,1.05,1.2,1.025,False,False,True
0.06,1.05,1.2,1.025,False,False,True
0.07,1.05,1.2,1.025,False,False,True
0.08,1.05,1.2,1.025,False,False,True
0.09,1.05,1.2,1.025,False,False,True
0.1,1.05,1.2,1.025,False,False,True
0.11,1.05,1.2,1.025,False,False,True
0.12,1.05,1.2,1.025,False,False,True
0.13,1.05,1.2,1.025,False,False,True
0.14,1.05,1.2,1.025,False,False,True
0.15,1.05,1.2,1.025,False,False,True
0.16,1.05,1.2,1.025,False,False,True
0.17,1.05,1.2,1.025,False,False,True
0.18,1.05,1.2,1.025,False,False,True
0.19,1.05,1.2,1.025,False,False,True
0.2,1.05,1.2,1.025,False,False,True
0.21,1.05,1.2,1.025,False,False,True
0.22,1.05,1.2,1.025,False,False,True
0.23,1.05,1.2,1.025,False,False,True
0.24,1.05,1.2,1.025,False,False,True
0.25,1.05,1.2,1.025,False,False,True
0.26,1.05,1.2,1.025,False,False,True
0.27,1.05,1.2,1.025,False,False,True
0.28,1.05,1.2,1.025,False,False,True
0.29,1.05,1.2,1.025,False,False,True
0.3,1.05,1.2,1.025,False,False,True
0.31,1.05,1.2,1.025,False,False,True
0.32,1.05,1.2,1.025,False,False,True
0.33,1.05,1.2,1.025,False,False,True
0.34,1.05,1.2,1.025,False,False,True
0.35,1.05,1.2,1.025,False,False,True
0.36,1.05,1.2,1.025,False,False,True
0.37,1.05,1.2,1.025,False,False,True
0.38,1.05,1.2,1.025,False,False,True
0.39,1.05,1.2,1.025,False,False,True
0.4,1.05,1.2,1.025,False,False,True
0.41,1.05,1.2,1.025,False,False,True
0.42,1.05,1.2,1.025,False,False,True
0.43,1.05,1.2,1.025,False,False,True
0.44,1.05,1.2,1.025,False,False,True
0.45,1.05,1.2,1.025,False,False,True
0.46,1.05,1.2,1.025,False,False,True
0.47,1.05,1.2,1.025,False,False,True
0.48,1.05,1.2,1.025,False,False,True
0.49,1.05,1.2,1.025,False,False,True
0.5,1.05,1.2,1.025,False,False,True
0.51,1.05,1.2,1.025,False,False,True
0.52,1.05,1.2,1.025,False,False,True
0.53,1.05,1.2,1.025,False,False,True
0.54,1.05,1.2,1.025,False,False,True
0.55,1.05,1.2,1.025,False,False,True
0.56,1.05,1.2,1.025,False,False,True
0.57,1.05,1.2,1.025,False,False,True
0.58,1.05,1.2,1.025,False,False,True
0.59,1.05,1.2,1.025,False,False,True
0.6,1.05,1.2,1.025,False,False,True
0.61,1.05,1.2,1.025,False,False,True
0.62,1.05,1.2,1.025,False,False,True
0.63,1.05,1.2,1.025,False,False,True
0.64,1.05,1.2,1.025,False,False,True
0.65,1.05,1.2,1.025,False,False,True
0.66,1.05,1.2,1.025,False,False,True
0.67,1.05,1.2,1.025,False,False,True
0.68,1.05,1.2,1.025,False,False,True
0.69,1.05,1.2,1.025,False,False,True
0.7,1.05,1.2,1.025,False,False,True
0.71,1.05,1.2,1.025,False,False,True
0.72,1.05,1.2,1.025,False,False,True
0.73,1.05,1.2,1.025,False,False,True
0.74,1.05,1.2,1.025,False,False,True
0.75,1.05,1.2,1.025,False,False,True
0.76,1.05,1.2,1.025,False,False,True
0.77,1.05,1.2,1.025,False,False,True
0.78,1.05,1.2,1.025,False,False,True
0.79,1.05,1.2,1.025,False,False,True
0.8,1.05,1.2,1.025,False,False,True
0.81,1.05,1.2,1.025,False,False,True
0.82,1.05,1.2,1.025,False,False,True
0.83,1.05,1.2,1.025,False,False,True
0.84,1.05,1.2,1.025,False,False,True
0.85,1.05,1.2,1.025,False,False,True
0.86,1.05,1.2,1.025,False,False,True
0.87,1.05,1.2,1.025,False,False,True
0.88,1.05,1.2,1.025,False,False,True
0.89,1.05,1.2,1.025,False,False,True
0.9,1.05,1.2,1.025,False,False,True
0.91,1.05,1.2,1.025,False,False,True
0.92,1.05,1.2,1.025,False,False,True
0.93,1.05,1.2,1.025,False,False,True
0.94,1.05,1.2,1.025,False,False,True
0.95,1.05,1.2,1.025,False,False,True
0.96,1.05,1.2,1.025,False,False,True
0.97,1.05,1.2,1.025,False,False,True
0.98,1.05,1.2,1.025,False,False,True
0.99,1.05,1.2,1.025,False,False,True
0.01,1.1,1.2,1.05,False,False,True
0.02,1.1,1.2,1.05,False,False,True
0.03,1.1,1.2,1.05,False,False,True
0.04,1.1,1.2,1.05,False,False,True
0.05,1.1,1.2,1.05,False,False,True
0.06,1.1,1.2,1.05,False,False,True
0.07,1.1,1.2,1.05,False,False,True
0.08,1.1,1.2,1.05,False,False,True
0.09,1.1,1.2,1.05,False,False,True
0.1,1.1,1.2,1.05,False,False,True
0.11,1.1,1.2,1.05,False,False,True
0.12,1.1,1.2,1.05,False,False,True
0.13,1.1,1.2,1.05,False,False,True
0.14,1.1,1.2,1.05,False,False,True
0.15,1.1,1.2,1.05,False,False,True
0.16,1.1,1.2,1.05,False,False,True
0.17,1.1,1.2,1.05,False,False,True
0.18,1.1,1.2,1.05,False,False,True
0.19,1.1,1.2,1.05,False,False,True
0.2,1.1,1.2,1.05,False,False,True
0.21,1.1,1.2,1.05,False,False,True
0.22,1.1,1.2,1.05,False,False,True
0.23,1.1,1.2,1.05,False,False,True
0.24,1.1,1.2,1.05,False,False,True
0.25,1.1,1.2,1.05,False,False,True
0.26,1.1,1.2,1.05,False,False,True
0.27,1.1,1.2,1.05,False,False,True
0.28,1.1,1.2,1.05,False,False,True
0.29,1.1,1.2,1.05,False,False,True
0.3,1.1,1.2,1.05,False,False,True
0.31,1.1,1.2,1.05,False,False,True
0.32,1.1,1.2,1.05,False,False,True
0.33,1.1,1.2,1.05,False,False,True
0.34,1.1,1.2,1.05,False,False,True
0.35,1.1,1.2,1.05,False,False,True
0.36,1.1,1.2,1.05,False,False,True
0.37,1.1,1.2,1.05,False,False,True
0.38,1.1,1.2,1.05,False,False,True
0.39,1.1,1.2,1.05,False,False,True
0.4,1.1,1.2,1.05,False,False,True
0.41,1.1,1.2,1.05,False,False,True
0.42,1.1,1.2,1.05,False,False,True
0.43,1.1,1.2,1.05,False,False,True
0.44,1.1,1.2,1.05,False,False,True
0.45,1.1,1.2,1.05,False,False,True
0.46,1.1,1.2,1.05,False,False,True
0.47,1.1,1.2,1.05,False,False,True
0.48,1.1,1.2,1.05,False,False,True
0.49,1.1,1.2,1.05,False,False,True
0.5,1.1,1.2,1.05,False,False,True
0.51,1.1,1.2,1.05,False,False,True
0.52,1.1,1.2,1.05,False,False,True
0.53,1.1,1.2,1.05,False,False,True
0.54,1.1,1.2,1.05,False,False,True
0.55,1.1,1.2,1.05,False,False,True
0.56,1.1,1.2,1.05,False,False,True
0.57,1.1,1.2,1.05,False,False,True
0.58,1.1,1.2,1.05,False,False,True
0.59,1.1,1.2,1.05,False,False,True
0.6,1.1,1.2,1.05,False,False,True
0.61,1.1,1.2,1.05,False,False,True
0.62,1.1,1.2,1.05,False,False,True
0.63,1.1,1.2,1.05,False,False,True
0.64,1.1,1.2,1.05,False,False,True
0.65,1.1,1.2,1.05,False,False,True
0.66,1.1,1.2,1.05,False,False,True
0.67,1.1,1.2,1.05,False,False,True
0.68,1.1,1.2,1.05,False,False,True
0.69,1.1,1.2,1.05,False,False,True
0.7,1.1,1.2,1.05,False,False,True
0.71,1.1,1.2,1.05,False,False,True
0.72,1.1,1.2,1.05,False,False,True
0.73,1.1,1.2,1.05,False,False,True
0.74,1.1,1.2,1.05,False,False,True
0.75,1.1,1.2,1.05,False,False,True
0.76,1.1,1.2,1.05,False,False,True
0.77,1.1,1.2,1.05,False,False,True
0.78,1.1,1.2,1.05,False,False,True
0.79,1.1,1.2,1.05,False,False,True
0.8,1.1,1.2,1.05,False,False,True
0.81,1.1,1.2,1.05,False,False,True
0.82,1.1,1.2,1.05,False,False,True
0.83,1.1,1.2,1.05,False,False,True
0.84,1.1,1.2,1.05,False,False,True
0.85,1.1,1.2,1.05,False,False,True
0.86,1.1,1.2,1.05,False,False,True
0.87,1.1,1.2,1.05,False,False,True
0.88,1.1,1.2,1.05,False,False,True
0.89,1.1,1.2,1.05,False,False,True
0.9,1.1,1.2,1.05,False,False,True
0.91,1.1,1.2,1.05,False,False,True
0.92,1.1,1.2,1.05,False,False,True
0.93,1.1,1.2,1.05,False,False,True
0.94,1.1,1.2,1.05,False,False,True
0.95,1.1,1.2,1.05,False,False,True
0.96,1.1,1.2,1.05,False,False,True
0.97,1.1,1.2,1.05,False,False,True
0.98,1.1,1.2,1.05,False,False,True
0.99,1.1,1.2,1.05,False,False,True
0.01,1.15,1.2,1.075,False,False,True
0.02,1.15,1.2,1.075,False,False,True
0.03,1.15,1.2,1.075,False,False,True
0.04,1.15,1.2,1.075,False,False,True
0.05,1.15,1.2,1.075,False,False,True
0.06,1.15,1.2,1.075,False,False,True
0.07,1.15,1.2,1.075,False,False,True
0.08,1.15,1.2,1.075,False,False,True
0.09,1.15,1.2,1.075,False,False,True
0.1,1.15,1.2,1.075,False,False,True
0.11,1.15,1.2,1.075,False,False,True
0.12,1.15,1.2,1.075,False,False,True
0.13,1.15,1.2,1.075,False,False,True
0.14,1.15,1.2,1.075,False,False,True
0.15,1.15,1.2,1.075,False,False,True
0.16,1.15,1.2,1.075,False,False,True
0.17,1.15,1.2,1.075,False,False,True
0.18,1.15,1.2,1.075,False,False,True
0.19,1.15,1.2,1.075,False,False,True
0.2,1.15,1.2,1.075,False,False,True
0.21,1.15,1.2,1.075,False,False,True
0.22,1.15,1.2,1.075,False,False,True
0.23,1.15,1.2,1.075,False,False,True
0.24,1.15,1.2,1.075,False,False,True
0.25,1.15,1.2,1.075,False,False,True
0.26,1.15,1.2,1.075,False,False,True
0.27,1.15,1.2,1.075,False,False,True
0.28,1.15,1.2,1.075,False,False,True
0.29,1.15,1.2,1.075,False,False,True
0.3,1.15,1.2,1.075,False,False,True
0.31,1.15,1.2,1.075,False,False,True
0.32,1.15,1.2,1.075,False,False,True
0.33,1.15,1.2,1.075,False,False,True
0.34,1.15,1.2,1.075,False,False,True
0.35,1.15,1.2,1.075,False,False,True
0.36,1.15,1.2,1.075,False,False,True
0.37,1.15,1.2,1.075,False,False,True
0.38,1.15,1.2,1.075,False,False,True
0.39,1.15,1.2,1.075,False,False,True
0.4,1.15,1.2,1.075,False,False,True
0.41,1.15,1.2,1.075,False,False,True
0.42,1.15,1.2,1.075,False,False,True
0.43,1.15,1.2,1.075,False,False,True
0.44,1.15,1.2,1.075,False,False,True
0.45,1.15,1.2,1.075,False,False,True
0.46,1.15,1.2,1.075,False,False,True
0.47,1.15,1.2,1.075,False,False,True
0.48,1.15,1.2,1.075,False,False,True
0.49,1.15,1.2,1.075,False,False,True
0.5,1.15,1.2,1.075,False,False,True
0.51,1.15,1.2,1.075,False,False,True
0.52,1.15,1.2,1.075,False,False,True
0.53,1.15,1.2,1.075,False,False,True
0.54,1.15,1.2,1.075,False,False,True
0.55,1.15,1.2,1.075,False,False,True
0.56,1.15,1.2,1.075,False,False,True
0.57,1.15,1.2,1.075,False,False,True
0.58,1.15,1.2,1.075,False,False,True
0.59,1.15,1.2,1.075,False,False,True
0.6,1.15,1.2,1.075,False,False,True
0.61,1.15,1.2,1.075,False,False,True
0.62,1.15,1.2,1.075,False,False,True
0.63,1.15,1.2,1.075,False,False,True
0.64,1.15,1.2,1.075,False,False,True
0.65,1.15,1.2,1.075,False,False,True
0.66,1.15,1.2,1.075,False,False,True
0.67,1.15,1.2,1.075,False,False,True
0.68,1.15,1.2,1.075,False,False,True
0.69,1.15,1.2,1.075,False,False,True
0.7,1.15,1.2,1.075,False,False,True
0.71,1.15,1.2,1.075,False,False,True
0.72,1.15,1.2,1.075,False,False,True
0.73,1.15,1.2,1.075,False,False,True
0.74,1.15,1.2,1.075,False,False,True
0.75,1.15,1.2,1.075,False,False,True
0.76,1.15,1.2,1.075,False,False,True
0.77,1.15,1.2,1.075,False,False,True
0.78,1.15,1.2,1.075,False,False,True
0.79,1.15,1.2,1.075,False,False,True
0.8,1.15,1.2,1.075,False,False,True
0.81,1.15,1.2,1.075,False,False,True
0.82,1.15,1.2,1.075,False,False,True
0.83,1.15,1.2,1.075,False,False,True
0.84,1.15,1.2,1.075,False,False,True
0.85,1.15,1.2,1.075,False,False,True
0.86,1.15,1.2,1.075,False,False,True
0.87,1.15,1.2,1.075,False,False,True
0.88,1.15,1.2,1.075,False,False,True
0.89,1.15,1.2,1.075,False,False,True
0.9,1.15,1.2,1.075,False,False,True
0.91,1.15,1.2,1.075,False,False,True
0.92,1.15,1.2,1.075,False,False,True
0.93,1.15,1.2,1.075,False,False,True
0.94,1.15,1.2,1.075,False,False,True
0.95,1.15,1.2,1.075,False,False,True
0.96,1.15,1.2,1.075,False,False,True
0.97,1.15,1.2,1.075,False,False,True
0.98,1.15,1.2,1.075,False,False,True
0.99,1.15,1.2,1.075,False,False,True
