p,strategy_A,strategy_B,is_bne,symmetric,A_low_action,A_high_action,B_low_action,B_high_action,max_deviation_gain,expected_payoff_A,expected_payoff_B
0.01,LL,LL,True,True,L,L,L,L,0.0,0.0,0.0
0.01,LL,PL,False,False,L,L,P,L,1.2,0.01,-0.012
0.01,LL,LP,False,False,L,L,L,P,2.2,0.99,-2.178
0.01,LL,PP,False,False,L,L,P,P,2.2,1.0,-2.19
0.01,PL,LL,False,False,P,L,L,L,1.2,-0.012,0.01
0.01,PL,PL,False,True,P,L,P,L,1.18,-0.0017999999999999995,-0.0017999999999999995
0.01,PL,LP,False,False,P,L,L,P,2.1799999999999997,0.9978,-2.1481999999999997
0.01,PL,PP,False,False,P,L,P,P,2.1799999999999997,1.008,-2.1599999999999997
0.01,LP,LL,False,False,L,P,L,L,2.2,-2.178,0.99
0.01,LP,PL,False,False,L,P,P,L,2.1799999999999997,-2.1481999999999997,0.9978
0.01,LP,LP,False,True,L,P,L,P,0.7799999999999998,0.7721999999999998,0.7721999999999998
0.01,LP,PP,False,False,L,P,P,P,0.8,0.802,0.7799999999999998
0.01,PP,LL,False,False,P,P,L,L,2.2,-2.19,1.0
0.01,PP,PL,False,False,P,P,P,L,2.1799999999999997,-2.1599999999999997,1.008
0.01,PP,LP,False,False,P,P,L,P,0.8,0.7799999999999998,0.802
0.01,PP,PP,False,True,P,P,P,P,0.19999999999999996,0.81,0.81
0.02,LL,LL,True,True,L,L,L,L,0.0,0.0,0.0
0.02,LL,PL,False,False,L,L,P,L,1.2,0.02,-0.024
0.02,LL,LP,False,False,L,L,L,P,2.2,0.9799999999999999,-2.156
0.02,LL,PP,False,False,L,L,P,P,2.2,1.0,-2.18
0.02,PL,LL,False,False,P,L,L,L,1.2,-0.024,0.02
0.02,PL,PL,False,True,P,L,P,L,1.16,-0.003199999999999998,-0.003199999999999998
0.02,PL,LP,False,False,P,L,L,P,2.1599999999999997,0.9951999999999999,-2.0967999999999996
0.02,PL,PP,False,False,P,L,P,P,2.1599999999999997,1.016,-2.1199999999999997
0.02,LP,LL,False,False,L,P,L,L,2.2,-2.156,0.9799999999999999
0.02,LP,PL,False,False,L,P,P,L,2.1599999999999997,-2.0967999999999996,0.9951999999999999
0.02,LP,LP,False,True,L,P,L,P,0.76,0.7447999999999999,0.7447999999999999
0.02,LP,PP,False,False,L,P,P,P,0.8,0.804,0.76
0.02,PP,LL,False,False,P,P,L,L,2.2,-2.18,1.0
0.02,PP,PL,False,False,P,P,P,L,2.1599999999999997,-2.1199999999999997,1.016
0.02,PP,LP,False,False,P,P,L,P,0.8,0.76,0.804
0.02,PP,PP,False,True,P,P,P,P,0.19999999999999996,0.8200000000000001,0.8200000000000001
0.03,LL,LL,True,True,L,L,L,L,0.0,0.0,0.0
0.03,LL,PL,False,False,L,L,P,L,1.2,0.03,-0.036
0.03,LL,LP,False,False,L,L,L,P,2.2,0.97,-2.134
0.03,LL,PP,False,False,L,L,P,P,2.2,1.0,-2.17
0.03,PL,LL,False,False,P,L,L,L,1.2,-0.036,0.03
0.03,PL,PL,False,True,P,L,P,L,1.1400000000000001,-0.004200000000000006,-0.004200000000000006
0.03,PL,LP,False,False,P,L,L,P,2.1399999999999997,0.9922,-2.0458
0.03,PL,PP,False,False,P,L,P,P,2.1399999999999997,1.024,-2.08
0.03,LP,LL,False,False,L,P,L,L,2.2,-2.134,0.97
0.03,LP,PL,False,False,L,P,P,L,2.1399999999999997,-2.0458,0.9922
0.03,LP,LP,False,True,L,P,L,P,0.7400000000000002,0.7178000000000002,0.7178000000000002
0.03,LP,PP,False,False,L,P,P,P,0.8,0.806,0.7400000000000002
0.03,PP,LL,False,False,P,P,L,L,2.2,-2.17,1.0
0.03,PP,PL,False,False,P,P,P,L,2.1399999999999997,-2.08,1.024
0.03,PP,LP,False,False,P,P,L,P,0.8,0.7400000000000002,0.806
0.03,PP,PP,False,True,P,P,P,P,0.19999999999999996,0.8300000000000001,0.8300000000000001
0.04,LL,LL,True,True,L,L,L,L,0.0,0.0,0.0
0.04,LL,PL,False,False,L,L,P,L,1.2,0.039999999999999994,-0.048
0.04,LL,LP,False,False,L,L,L,P,2.2,0.96,-2.112
0.04,LL,PP,False,False,L,L,P,P,2.2,1.0,-2.16
0.04,PL,LL,False,False,P,L,L,L,1.2,-0.048,0.039999999999999994
0.04,PL,PL,False,True,P,L,P,L,1.12,-0.004800000000000006,-0.004800000000000006
0.04,PL,LP,False,False,P,L,L,P,2.12,0.9888,-1.9951999999999999
0.04,PL,PP,False,False,P,L,P,P,2.12,1.032,-2.04
0.04,LP,LL,False,False,L,P,L,L,2.2,-2.112,0.96
0.04,LP,PL,False,False,L,P,P,L,2.12,-1.9951999999999999,0.9888
0.04,LP,LP,False,True,L,P,L,P,0.72,0.6911999999999999,0.6911999999999999
0.04,LP,PP,False,False,L,P,P,P,0.8,0.808,0.72
0.04,PP,LL,False,False,P,P,L,L,2.2,-2.16,1.0
0.04,PP,PL,False,False,P,P,P,L,2.12,-2.04,1.032
0.04,PP,LP,False,False,P,P,L,P,0.8,0.72,0.808
0.04,PP,PP,False,True,P,P,P,P,0.19999999999999996,0.8400000000000001,0.8400000000000001
0.05,LL,LL,True,True,L,L,L,L,0.0,0.0,0.0
0.05,LL,PL,False,False,L,L,P,L,1.2,0.05,-0.06
0.05,LL,LP,False,False,L,L,L,P,2.2,0.95,-2.09
0.05,LL,PP,False,False,L,L,P,P,2.2,1.0,-2.15
0.05,PL,LL,False,False,P,L,L,L,1.2,-0.06,0.05
0.05,PL,PL,False,True,P,L,P,L,1.1,-0.0050000000000000044,-0.0050000000000000044
0.05,PL,LP,False,False,P,L,L,P,2.0999999999999996,0.985,-1.9449999999999998
0.05,PL,PP,False,False,P,L,P,P,2.0999999999999996,1.04,-1.9999999999999998
0.05,LP,LL,False,False,L,P,L,L,2.2,-2.09,0.95
0.05,LP,PL,False,False,L,P,P,L,2.0999999999999996,-1.9449999999999998,0.985
0.05,LP,LP,False,True,L,P,L,P,0.6999999999999997,0.6649999999999997,0.6649999999999997
0.05,LP,PP,False,False,L,P,P,P,0.8,0.81,0.6999999999999997
0.05,PP,LL,False,False,P,P,L,L,2.2,-2.15,1.0
0.05,PP,PL,False,False,P,P,P,L,2.0999999999999996,-1.9999999999999998,1.04
0.05,PP,LP,False,False,P,P,L,P,0.8,0.6999999999999997,0.81
0.05,PP,PP,False,True,P,P,P,P,0.19999999999999996,0.85,0.85
0.06,LL,LL,True,True,L,L,L,L,0.0,0.0,0.0
0.06,LL,PL,False,False,L,L,P,L,1.2,0.05999999999999999,-0.072
0.06,LL,LP,False,False,L,L,L,P,2.2,0.94,-2.068
0.06,LL,PP,False,False,L,L,P,P,2.2,1.0,-2.14
0.06,PL,LL,False,False,P,L,L,L,1.2,-0.072,0.05999999999999999
0.06,PL,PL,False,True,P,L,P,L,1.08,-0.004800000000000006,-0.004800000000000006
0.06,PL,LP,False,False,P,L,L,P,2.08,0.9807999999999999,-1.8951999999999998
0.06,PL,PP,False,False,P,L,P,P,2.08,1.048,-1.9599999999999997
0.06,LP,LL,False,False,L,P,L,L,2.2,-2.068,0.94
0.06,LP,PL,False,False,L,P,P,L,2.08,-1.8951999999999998,0.9807999999999999
0.06,LP,LP,False,True,L,P,L,P,0.6799999999999999,0.6391999999999999,0.6391999999999999
0.06,LP,PP,False,False,L,P,P,P,0.8,0.812,0.6799999999999998
0.06,PP,LL,False,False,P,P,L,L,2.2,-2.14,1.0
0.06,PP,PL,False,False,P,P,P,L,2.08,-1.9599999999999997,1.048
0.06,PP,LP,False,False,P,P,L,P,0.8,0.6799999999999998,0.812
0.06,PP,PP,False,True,P,P,P,P,0.19999999999999996,0.86,0.86
0.07,LL,LL,True,True,L,L,L,L,0.0,0.0,0.0
0.07,LL,PL,False,False,L,L,P,L,1.2,0.07,-0.084
0.07,LL,LP,False,False,L,L,L,P,2.2,0.9299999999999999,-2.046
0.07,LL,PP,False,False,L,L,P,P,2.2,1.0,-2.13
0.07,PL,LL,False,False,P,L,L,L,1.2,-0.084,0.07
0.07,PL,PL,False,True,P,L,P,L,1.06,-0.004199999999999995,-0.004199999999999995
0.07,PL,LP,False,False,P,L,L,P,2.06,0.9762,-1.8457999999999999
0.07,PL,PP,False,False,P,L,P,P,2.06,1.056,-1.9199999999999997
0.07,LP,LL,False,False,L,P,L,L,2.2,-2.046,0.9299999999999999
0.07,LP,PL,False,False,L,P,P,L,2.06,-1.8457999999999999,0.9762
0.07,LP,LP,False,True,L,P,L,P,0.6600000000000001,0.6138000000000001,0.6138000000000001
0.07,LP,PP,False,False,L,P,P,P,0.8,0.8140000000000001,0.6600000000000001
0.07,PP,LL,False,False,P,P,L,L,2.2,-2.13,1.0
0.07,PP,PL,False,False,P,P,P,L,2.06,-1.9199999999999997,1.056
0.07,PP,LP,False,False,P,P,L,P,0.8,0.6600000000000001,0.8140000000000001
0.07,PP,PP,False,True,P,P,P,P,0.19999999999999996,0.87,0.87
0.08,LL,LL,True,True,L,L,L,L,0.0,0.0,0.0
0.08,LL,PL,False,False,L,L,P,L,1.2,0.08,-0.096
0.08,LL,LP,False,False,L,L,L,P,2.2,0.92,-2.0240000000000005
0.08,LL,PP,False,False,L,L,P,P,2.2,1.0,-2.1200000000000006
0.08,PL,LL,False,False,P,L,L,L,1.2,-0.096,0.08
0.08,PL,PL,False,True,P,L,P,L,1.04,-0.0031999999999999945,-0.0031999999999999945
0.08,PL,LP,False,False,P,L,L,P,2.04,0.9712000000000001,-1.7968000000000002
0.08,PL,PP,False,False,P,L,P,P,2.04,1.064,-1.8800000000000001
0.08,LP,LL,False,False,L,P,L,L,2.2,-2.0240000000000005,0.92
0.08,LP,PL,False,False,L,P,P,L,2.04,-1.7968000000000002,0.9712000000000001
0.08,LP,LP,False,True,L,P,L,P,0.6400000000000002,0.5888000000000003,0.5888000000000003
0.08,LP,PP,False,False,L,P,P,P,0.8,0.8160000000000001,0.6400000000000003
0.08,PP,LL,False,False,P,P,L,L,2.2,-2.1200000000000006,1.0
0.08,PP,PL,False,False,P,P,P,L,2.04,-1.8800000000000001,1.064
0.08,PP,LP,False,False,P,P,L,P,0.8,0.6400000000000003,0.8160000000000001
0.08,PP,PP,False,True,P,P,P,P,0.19999999999999996,0.8800000000000001,0.8800000000000001
0.09,LL,LL,True,True,L,L,L,L,0.0,0.0,0.0
0.09,LL,PL,False,False,L,L,P,L,1.2,0.09,-0.108
0.09,LL,LP,False,False,L,L,L,P,2.2,0.91,-2.0020000000000002
0.09,LL,PP,False,False,L,L,P,P,2.2,1.0,-2.1100000000000003
0.09,PL,LL,False,False,P,L,L,L,1.2,-0.108,0.09
0.09,PL,PL,False,True,P,L,P,L,1.02,-0.001799999999999996,-0.001799999999999996
0.09,PL,LP,False,False,P,L,L,P,2.02,0.9658,-1.7482
0.09,PL,PP,False,False,P,L,P,P,2.02,1.072,-1.8399999999999999
0.09,LP,LL,False,False,L,P,L,L,2.2,-2.0020000000000002,0.91
0.09,LP,PL,False,False,L,P,P,L,2.02,-1.7482,0.9658
0.09,LP,LP,False,True,L,P,L,P,0.62,0.5642,0.5642
0.09,LP,PP,False,False,L,P,P,P,0.8,0.8180000000000001,0.6200000000000001
0.09,PP,LL,False,False,P,P,L,L,2.2,-2.1100000000000003,1.0
0.09,PP,PL,False,False,P,P,P,L,2.02,-1.8399999999999999,1.072
0.09,PP,LP,False,False,P,P,L,P,0.8,0.6200000000000001,0.8180000000000001
0.09,PP,PP,False,True,P,P,P,P,0.19999999999999996,0.8900000000000001,0.8900000000000001
0.1,LL,LL,True,True,L,L,L,L,0.0,0.0,0.0
0.1,LL,PL,False,False,L,L,P,L,1.2,0.1,-0.12
0.1,LL,LP,False,False,L,L,L,P,2.2,0.9,-1.9800000000000002
0.1,LL,PP,False,False,L,L,P,P,2.2,1.0,-2.1
0.1,PL,LL,False,False,P,L,L,L,1.2,-0.12,0.1
0.1,PL,PL,False,True,P,L,P,L,0.9999999999999999,1.3877787807814457e-17,1.3877787807814457e-17
0.1,PL,LP,False,False,P,L,L,P,2.0,0.9600000000000001,-1.7
0.1,PL,PP,False,False,P,L,P,P,2.0,1.08,-1.8
0.1,LP,LL,False,False,L,P,L,L,2.2,-1.9800000000000002,0.9
0.1,LP,PL,False,False,L,P,P,L,2.0,-1.7,0.9600000000000001
0.1,LP,LP,False,True,L,P,L,P,0.6000000000000002,0.5400000000000003,0.5400000000000003
0.1,LP,PP,False,False,L,P,P,P,0.8,0.8200000000000001,0.6000000000000003
0.1,PP,LL,False,False,P,P,L,L,2.2,-2.1,1.0
0.1,PP,PL,False,False,P,P,P,L,2.0,-1.8,1.08
0.1,PP,LP,False,False,P,P,L,P,0.8,0.6000000000000003,0.8200000000000001
0.1,PP,PP,False,True,P,P,P,P,0.19999999999999996,0.9000000000000001,0.9000000000000001
0.11,LL,LL,True,True,L,L,L,L,0.0,0.0,0.0
0.11,LL,PL,False,False,L,L,P,L,1.2,0.11,-0.132
0.11,LL,LP,False,False,L,L,L,P,2.2,0.89,-1.9580000000000002
0.11,LL,PP,False,False,L,L,P,P,2.2,1.0,-2.0900000000000003
0.11,PL,LL,False,False,P,L,L,L,1.2,-0.132,0.11
0.11,PL,PL,False,True,P,L,P,L,0.9799999999999999,0.0022000000000000075,0.0022000000000000075
0.11,PL,LP,False,False,P,L,L,P,1.98,0.9538,-1.6522
0.11,PL,PP,False,False,P,L,P,P,1.98,1.088,-1.7599999999999998
0.11,LP,LL,False,False,L,P,L,L,2.2,-1.9580000000000002,0.89
0.11,LP,PL,False,False,L,P,P,L,1.98,-1.6522,0.9538
0.11,LP,LP,False,True,L,P,L,P,0.58,0.5162,0.5162
0.11,LP,PP,False,False,L,P,P,P,0.8,0.8220000000000001,0.5800000000000001
0.11,PP,LL,False,False,P,P,L,L,2.2,-2.0900000000000003,1.0
0.11,PP,PL,False,False,P,P,P,L,1.98,-1.7599999999999998,1.088
0.11,PP,LP,False,False,P,P,L,P,0.8,0.5800000000000001,0.8220000000000001
0.11,PP,PP,False,True,P,P,P,P,0.19999999999999996,0.9100000000000001,0.9100000000000001
0.12,LL,LL,True,True,L,L,L,L,0.0,0.0,0.0
0.12,LL,PL,False,False,L,L,P,L,1.2,0.12,-0.144
0.12,LL,LP,False,False,L,L,L,P,2.2,0.88,-1.9360000000000002
0.12,LL,PP,False,False,L,L,P,P,2.2,1.0,-2.08
0.12,PL,LL,False,False,P,L,L,L,1.2,-0.144,0.12
0.12,PL,PL,False,True,P,L,P,L,0.9600000000000001,0.004799999999999999,0.004799999999999999
0.12,PL,LP,False,False,P,L,L,P,1.96,0.9472,-1.6048
0.12,PL,PP,False,False,P,L,P,P,1.96,1.096,-1.72
0.12,LP,LL,False,False,L,P,L,L,2.2,-1.9360000000000002,0.88
0.12,LP,PL,False,False,L,P,P,L,1.96,-1.6048,0.9472
0.12,LP,LP,False,True,L,P,L,P,0.5600000000000002,0.4928000000000001,0.4928000000000001
0.12,LP,PP,False,False,L,P,P,P,0.8,0.8240000000000001,0.5600000000000002
0.12,PP,LL,False,False,P,P,L,L,2.2,-2.08,1.0
0.12,PP,PL,False,False,P,P,P,L,1.96,-1.72,1.096
0.12,PP,LP,False,False,P,P,L,P,0.8,0.5600000000000002,0.8240000000000001
0.12,PP,PP,False,True,P,P,P,P,0.19999999999999996,0.92,0.92
0.13,LL,LL,True,True,L,L,L,L,0.0,0.0,0.0
0.13,LL,PL,False,False,L,L,P,L,1.2,0.13,-0.156
0.13,LL,LP,False,False,L,L,L,P,2.2,0.87,-1.9140000000000001
0.13,LL,PP,False,False,L,L,P,P,2.2,1.0,-2.0700000000000003
0.13,PL,LL,False,False,P,L,L,L,1.2,-0.156,0.13
0.13,PL,PL,False,True,P,L,P,L,0.9400000000000001,0.007800000000000001,0.007800000000000001
0.13,PL,LP,False,False,P,L,L,P,1.94,0.9402,-1.5578
0.13,PL,PP,False,False,P,L,P,P,1.94,1.104,-1.68
0.13,LP,LL,False,False,L,P,L,L,2.2,-1.9140000000000001,0.87
0.13,LP,PL,False,False,L,P,P,L,1.94,-1.5578,0.9402
0.13,LP,LP,False,True,L,P,L,P,0.5399999999999999,0.4697999999999999,0.4697999999999999
0.13,LP,PP,False,False,L,P,P,P,0.8,0.8260000000000001,0.5399999999999999
0.13,PP,LL,False,False,P,P,L,L,2.2,-2.0700000000000003,1.0
0.13,PP,PL,False,False,P,P,P,L,1.94,-1.68,1.104
0.13,PP,LP,False,False,P,P,L,P,0.8,0.5399999999999999,0.8260000000000001
0.13,PP,PP,False,True,P,P,P,P,0.19999999999999996,0.93,0.93
0.14,LL,LL,True,True,L,L,L,L,0.0,0.0,0.0
0.14,LL,PL,False,False,L,L,P,L,1.2,0.14,-0.168
0.14,LL,LP,False,False,L,L,L,P,2.2,0.8599999999999999,-1.8920000000000001
0.14,LL,PP,False,False,L,L,P,P,2.2,1.0,-2.06
0.14,PL,LL,False,False,P,L,L,L,1.2,-0.168,0.14
0.14,PL,PL,False,True,P,L,P,L,0.92,0.011199999999999988,0.011199999999999988
0.14,PL,LP,False,False,P,L,L,P,1.92,0.9328,-1.5111999999999997
0.14,PL,PP,False,False,P,L,P,P,1.92,1.112,-1.6399999999999997
0.14,LP,LL,False,False,L,P,L,L,2.2,-1.8920000000000001,0.8599999999999999
0.14,LP,PL,False,False,L,P,P,L,1.92,-1.5111999999999997,0.9328
0.14,LP,LP,False,True,L,P,L,P,0.5200000000000001,0.4472000000000001,0.4472000000000001
0.14,LP,PP,False,False,L,P,P,P,0.8,0.8280000000000001,0.5200000000000001
0.14,PP,LL,False,False,P,P,L,L,2.2,-2.06,1.0
0.14,PP,PL,False,False,P,P,P,L,1.92,-1.6399999999999997,1.112
0.14,PP,LP,False,False,P,P,L,P,0.8,0.5200000000000001,0.8280000000000001
0.14,PP,PP,False,True,P,P,P,P,0.19999999999999996,0.9400000000000002,0.9400000000000002
0.15,LL,LL,True,True,L,L,L,L,0.0,0.0,0.0
0.15,LL,PL,False,False,L,L,P,L,1.2,0.15,-0.18
0.15,LL,LP,False,False,L,L,L,P,2.2,0.8499999999999999,-1.87
0.15,LL,PP,False,False,L,L,P,P,2.2,1.0,-2.0500000000000003
0.15,PL,LL,False,False,P,L,L,L,1.2,-0.18,0.15
0.15,PL,PL,False,True,P,L,P,L,0.9,0.015000000000000013,0.015000000000000013
0.15,PL,LP,False,False,P,L,L,P,1.9,0.9249999999999999,-1.465
0.15,PL,PP,False,False,P,L,P,P,1.9,1.12,-1.6
0.15,LP,LL,False,False,L,P,L,L,2.2,-1.87,0.8499999999999999
0.15,LP,PL,False,False,L,P,P,L,1.9,-1.465,0.9249999999999999
0.15,LP,LP,False,True,L,P,L,P,0.5000000000000001,0.4249999999999999,0.4249999999999999
0.15,LP,PP,False,False,L,P,P,P,0.8,0.8300000000000001,0.4999999999999999
0.15,PP,LL,False,False,P,P,L,L,2.2,-2.0500000000000003,1.0
0.15,PP,PL,False,False,P,P,P,L,1.9,-1.6,1.12
0.15,PP,LP,False,False,P,P,L,P,0.8,0.4999999999999999,0.8300000000000001
0.15,PP,PP,False,True,P,P,P,P,0.19999999999999996,0.9500000000000001,0.9500000000000001
0.16,LL,LL,True,True,L,L,L,L,0.0,0.0,0.0
0.16,LL,PL,False,False,L,L,P,L,1.2,0.16,-0.192
0.16,LL,LP,False,False,L,L,L,P,2.2,0.8399999999999999,-1.848
0.16,LL,PP,False,False,L,L,P,P,2.2,1.0,-2.04
0.16,PL,LL,False,False,P,L,L,L,1.2,-0.192,0.16
0.16,PL,PL,False,True,P,L,P,L,0.88,0.019199999999999995,0.019199999999999995
0.16,PL,LP,False,False,P,L,L,P,1.88,0.9168,-1.4191999999999998
0.16,PL,PP,False,False,P,L,P,P,1.88,1.1280000000000001,-1.5599999999999998
0.16,LP,LL,False,False,L,P,L,L,2.2,-1.848,0.8399999999999999
0.16,LP,PL,False,False,L,P,P,L,1.88,-1.4191999999999998,0.9168
0.16,LP,LP,False,True,L,P,L,P,0.5199999999999999,0.4032,0.4032
0.16,LP,PP,False,False,L,P,P,P,0.8,0.8320000000000001,0.4800000000000001
0.16,PP,LL,False,False,P,P,L,L,2.2,-2.04,1.0
0.16,PP,PL,False,False,P,P,P,L,1.88,-1.5599999999999998,1.1280000000000001
0.16,PP,LP,False,False,P,P,L,P,0.8,0.4800000000000001,0.8320000000000001
0.16,PP,PP,False,True,P,P,P,P,0.19999999999999996,0.9600000000000001,0.9600000000000001
0.17,LL,LL,True,True,L,L,L,L,0.0,0.0,0.0
0.17,LL,PL,False,False,L,L,P,L,1.2,0.17,-0.20400000000000001
0.17,LL,LP,False,False,L,L,L,P,2.2,0.83,-1.826
0.17,LL,PP,False,False,L,L,P,P,2.2,1.0,-2.0300000000000002
0.17,PL,LL,False,False,P,L,L,L,1.2,-0.20400000000000001,0.17
0.17,PL,PL,False,True,P,L,P,L,0.86,0.0238,0.0238
0.17,PL,LP,False,False,P,L,L,P,1.8599999999999999,0.9081999999999999,-1.3738
0.17,PL,PP,False,False,P,L,P,P,1.8599999999999999,1.1360000000000001,-1.5199999999999998
0.17,LP,LL,False,False,L,P,L,L,2.2,-1.826,0.83
0.17,LP,PL,False,False,L,P,P,L,1.8599999999999999,-1.3738,0.9081999999999999
0.17,LP,LP,False,True,L,P,L,P,0.5400000000000001,0.3817999999999998,0.3817999999999998
0.17,LP,PP,False,False,L,P,P,P,0.8,0.8340000000000001,0.45999999999999985
0.17,PP,LL,False,False,P,P,L,L,2.2,-2.0300000000000002,1.0
0.17,PP,PL,False,False,P,P,P,L,1.8599999999999999,-1.5199999999999998,1.1360000000000001
0.17,PP,LP,False,False,P,P,L,P,0.8,0.45999999999999985,0.8340000000000001
0.17,PP,PP,False,True,P,P,P,P,0.19999999999999996,0.9700000000000001,0.9700000000000001
0.18,LL,LL,True,True,L,L,L,L,0.0,0.0,0.0
0.18,LL,PL,False,False,L,L,P,L,1.2,0.18,-0.216
0.18,LL,LP,False,False,L,L,L,P,2.2,0.8200000000000001,-1.8040000000000003
0.18,LL,PP,False,False,L,L,P,P,2.2,1.0,-2.0200000000000005
0.18,PL,LL,False,False,P,L,L,L,1.2,-0.216,0.18
0.18,PL,PL,False,True,P,L,P,L,0.8399999999999999,0.028800000000000034,0.028800000000000034
0.18,PL,LP,False,False,P,L,L,P,1.8399999999999999,0.8992000000000001,-1.3288
0.18,PL,PP,False,False,P,L,P,P,1.8399999999999999,1.1440000000000001,-1.48
0.18,LP,LL,False,False,L,P,L,L,2.2,-1.8040000000000003,0.8200000000000001
0.18,LP,PL,False,False,L,P,P,L,1.8399999999999999,-1.3288,0.8992000000000001
0.18,LP,LP,False,True,L,P,L,P,0.56,0.3608,0.3608
0.18,LP,PP,False,False,L,P,P,P,0.8,0.8360000000000001,0.44000000000000006
0.18,PP,LL,False,False,P,P,L,L,2.2,-2.0200000000000005,1.0
0.18,PP,PL,False,False,P,P,P,L,1.8399999999999999,-1.48,1.1440000000000001
0.18,PP,LP,False,False,P,P,L,P,0.8,0.44000000000000006,0.8360000000000001
0.18,PP,PP,False,True,P,P,P,P,0.19999999999999996,0.9800000000000002,0.9800000000000002
0.19,LL,LL,True,True,L,L,L,L,0.0,0.0,0.0
0.19,LL,PL,False,False,L,L,P,L,1.2,0.19,-0.22799999999999998
0.19,LL,LP,False,False,L,L,L,P,2.2,0.8100000000000002,-1.7820000000000003
0.19,LL,PP,False,False,L,L,P,P,2.2,1.0,-2.0100000000000002
0.19,PL,LL,False,False,P,L,L,L,1.2,-0.22799999999999998,0.19
0.19,PL,PL,False,True,P,L,P,L,0.8199999999999998,0.03420000000000002,0.03420000000000002
0.19,PL,LP,False,False,P,L,L,P,1.8199999999999998,0.8898000000000001,-1.2842
0.19,PL,PP,False,False,P,L,P,P,1.8199999999999998,1.1520000000000001,-1.44
0.19,LP,LL,False,False,L,P,L,L,2.2,-1.7820000000000003,0.8100000000000002
0.19,LP,PL,False,False,L,P,P,L,1.8199999999999998,-1.2842,0.8898000000000001
0.19,LP,LP,False,True,L,P,L,P,0.5799999999999998,0.34020000000000017,0.34020000000000017
0.19,LP,PP,False,False,L,P,P,P,0.8,0.8380000000000001,0.42000000000000026
0.19,PP,LL,False,False,P,P,L,L,2.2,-2.0100000000000002,1.0
0.19,PP,PL,False,False,P,P,P,L,1.8199999999999998,-1.44,1.1520000000000001
0.19,PP,LP,False,False,P,P,L,P,0.8,0.42000000000000026,0.8380000000000001
0.19,PP,PP,False,True,P,P,P,P,0.19999999999999996,0.9900000000000002,0.9900000000000002
0.2,LL,LL,True,True,L,L,L,L,0.0,0.0,0.0
0.2,LL,PL,False,False,L,L,P,L,1.2,0.20000000000000004,-0.24
0.2,LL,LP,False,False,L,L,L,P,2.2,0.8000000000000002,-1.7600000000000002
0.2,LL,PP,False,False,L,L,P,P,2.2,1.0,-2.0
0.2,PL,LL,False,False,P,L,L,L,1.2,-0.24,0.20000000000000004
0.2,PL,PL,False,True,P,L,P,L,0.7999999999999998,0.04000000000000005,0.04000000000000005
0.2,PL,LP,False,False,P,L,L,P,1.7999999999999998,0.8800000000000002,-1.24
0.2,PL,PP,False,False,P,L,P,P,1.7999999999999998,1.1600000000000001,-1.4
0.2,LP,LL,False,False,L,P,L,L,2.2,-1.7600000000000002,0.8000000000000002
0.2,LP,PL,False,False,L,P,P,L,1.7999999999999998,-1.24,0.8800000000000002
0.2,LP,LP,False,True,L,P,L,P,0.5999999999999996,0.3200000000000004,0.3200000000000004
0.2,LP,PP,False,False,L,P,P,P,0.8,0.8400000000000001,0.40000000000000047
0.2,PP,LL,False,False,P,P,L,L,2.2,-2.0,1.0
0.2,PP,PL,False,False,P,P,P,L,1.7999999999999998,-1.4,1.1600000000000001
0.2,PP,LP,False,False,P,P,L,P,0.8,0.40000000000000047,0.8400000000000001
0.2,PP,PP,False,True,P,P,P,P,0.19999999999999996,1.0000000000000002,1.0000000000000002
0.21,LL,LL,True,True,L,L,L,L,0.0,0.0,0.0
0.21,LL,PL,False,False,L,L,P,L,1.2,0.21,-0.252
0.21,LL,LP,False,False,L,L,L,P,2.2,0.79,-1.7380000000000002
0.21,LL,PP,False,False,L,L,P,P,2.2,1.0,-1.9900000000000002
0.21,PL,LL,False,False,P,L,L,L,1.2,-0.252,0.21
0.21,PL,PL,False,True,P,L,P,L,0.78,0.04619999999999998,0.04619999999999998
0.21,PL,LP,False,False,P,L,L,P,1.7799999999999998,0.8698000000000001,-1.1962
0.21,PL,PP,False,False,P,L,P,P,1.7799999999999998,1.1680000000000001,-1.3599999999999999
0.21,LP,LL,False,False,L,P,L,L,2.2,-1.7380000000000002,0.79
0.21,LP,PL,False,False,L,P,P,L,1.7799999999999998,-1.1962,0.8698000000000001
0.21,LP,LP,False,True,L,P,L,P,0.6199999999999999,0.30020000000000013,0.30020000000000013
0.21,LP,PP,False,False,L,P,P,P,0.8,0.8420000000000001,0.3800000000000001
0.21,PP,LL,False,False,P,P,L,L,2.2,-1.9900000000000002,1.0
0.21,PP,PL,False,False,P,P,P,L,1.7799999999999998,-1.3599999999999999,1.1680000000000001
0.21,PP,LP,False,False,P,P,L,P,0.8,0.3800000000000001,0.8420000000000001
0.21,PP,PP,False,True,P,P,P,P,0.19999999999999996,1.0100000000000002,1.0100000000000002
0.22,LL,LL,True,True,L,L,L,L,0.0,0.0,0.0
0.22,LL,PL,False,False,L,L,P,L,1.2,0.22,-0.264
0.22,LL,LP,False,False,L,L,L,P,2.2,0.78,-1.7160000000000002
0.22,LL,PP,False,False,L,L,P,P,2.2,1.0,-1.9800000000000002
0.22,PL,LL,False,False,P,L,L,L,1.2,-0.264,0.22
0.22,PL,PL,False,True,P,L,P,L,0.76,0.0528,0.0528
0.22,PL,LP,False,False,P,L,L,P,1.76,0.8592,-1.1528
0.22,PL,PP,False,False,P,L,P,P,1.76,1.1760000000000002,-1.32
0.22,LP,LL,False,False,L,P,L,L,2.2,-1.7160000000000002,0.78
0.22,LP,PL,False,False,L,P,P,L,1.76,-1.1528,0.8592
0.22,LP,LP,False,True,L,P,L,P,0.6400000000000001,0.28079999999999994,0.28079999999999994
0.22,LP,PP,False,False,L,P,P,P,0.8,0.8440000000000001,0.3599999999999999
0.22,PP,LL,False,False,P,P,L,L,2.2,-1.9800000000000002,1.0
0.22,PP,PL,False,False,P,P,P,L,1.76,-1.32,1.1760000000000002
0.22,PP,LP,False,False,P,P,L,P,0.8,0.3599999999999999,0.8440000000000001
0.22,PP,PP,False,True,P,P,P,P,0.19999999999999996,1.02,1.02
0.23,LL,LL,True,True,L,L,L,L,0.0,0.0,0.0
0.23,LL,PL,False,False,L,L,P,L,1.2,0.23,-0.276
0.23,LL,LP,False,False,L,L,L,P,2.2,0.77,-1.6940000000000002
0.23,LL,PP,False,False,L,L,P,P,2.2,1.0,-1.9700000000000002
0.23,PL,LL,False,False,P,L,L,L,1.2,-0.276,0.23
0.23,PL,PL,False,True,P,L,P,L,0.74,0.059800000000000006,0.059800000000000006
0.23,PL,LP,False,False,P,L,L,P,1.7399999999999998,0.8482000000000001,-1.1098
0.23,PL,PP,False,False,P,L,P,P,1.7399999999999998,1.1840000000000002,-1.2799999999999998
0.23,LP,LL,False,False,L,P,L,L,2.2,-1.6940000000000002,0.77
0.23,LP,PL,False,False,L,P,P,L,1.7399999999999998,-1.1098,0.8482000000000001
0.23,LP,LP,False,True,L,P,L,P,0.6599999999999999,0.2618000000000001,0.2618000000000001
0.23,LP,PP,False,False,L,P,P,P,0.8,0.8460000000000001,0.3400000000000001
0.23,PP,LL,False,False,P,P,L,L,2.2,-1.9700000000000002,1.0
0.23,PP,PL,False,False,P,P,P,L,1.7399999999999998,-1.2799999999999998,1.1840000000000002
0.23,PP,LP,False,False,P,P,L,P,0.8,0.3400000000000001,0.8460000000000001
0.23,PP,PP,False,True,P,P,P,P,0.19999999999999996,1.0300000000000002,1.0300000000000002
0.24,LL,LL,True,True,L,L,L,L,0.0,0.0,0.0
0.24,LL,PL,False,False,L,L,P,L,1.2,0.24,-0.288
0.24,LL,LP,False,False,L,L,L,P,2.2,0.76,-1.6720000000000002
0.24,LL,PP,False,False,L,L,P,P,2.2,1.0,-1.9600000000000002
0.24,PL,LL,False,False,P,L,L,L,1.2,-0.288,0.24
0.24,PL,PL,False,True,P,L,P,L,0.72,0.0672,0.0672
0.24,PL,LP,False,False,P,L,L,P,1.72,0.8368,-1.0672
0.24,PL,PP,False,False,P,L,P,P,1.72,1.192,-1.24
0.24,LP,LL,False,False,L,P,L,L,2.2,-1.6720000000000002,0.76
0.24,LP,PL,False,False,L,P,P,L,1.72,-1.0672,0.8368
0.24,LP,LP,False,True,L,P,L,P,0.6799999999999997,0.24320000000000022,0.24320000000000022
0.24,LP,PP,False,False,L,P,P,P,0.8,0.8480000000000001,0.3200000000000003
0.24,PP,LL,False,False,P,P,L,L,2.2,-1.9600000000000002,1.0
0.24,PP,PL,False,False,P,P,P,L,1.72,-1.24,1.192
0.24,PP,LP,False,False,P,P,L,P,0.8,0.3200000000000003,0.8480000000000001
0.24,PP,PP,False,True,P,P,P,P,0.19999999999999996,1.04,1.04
0.25,LL,LL,True,True,L,L,L,L,0.0,0.0,0.0
0.25,LL,PL,False,False,L,L,P,L,1.2,0.25,-0.3
0.25,LL,LP,False,False,L,L,L,P,2.2,0.75,-1.6500000000000001
0.25,LL,PP,False,False,L,L,P,P,2.2,1.0,-1.9500000000000002
0.25,PL,LL,False,False,P,L,L,L,1.2,-0.3,0.25
0.25,PL,PL,False,True,P,L,P,L,0.7,0.075,0.075
0.25,PL,LP,False,False,P,L,L,P,1.7,0.825,-1.025
0.25,PL,PP,False,False,P,L,P,P,1.7,1.2,-1.2
0.25,LP,LL,False,False,L,P,L,L,2.2,-1.6500000000000001,0.75
0.25,LP,PL,False,False,L,P,P,L,1.7,-1.025,0.825
0.25,LP,LP,False,True,L,P,L,P,0.7,0.22500000000000003,0.22500000000000003
0.25,LP,PP,False,False,L,P,P,P,0.8,0.8500000000000001,0.30000000000000004
0.25,PP,LL,False,False,P,P,L,L,2.2,-1.9500000000000002,1.0
0.25,PP,PL,False,False,P,P,P,L,1.7,-1.2,1.2
0.25,PP,LP,False,False,P,P,L,P,0.8,0.30000000000000004,0.8500000000000001
0.25,PP,PP,False,True,P,P,P,P,0.19999999999999996,1.05,1.05
0.26,LL,LL,True,True,L,L,L,L,0.0,0.0,0.0
0.26,LL,PL,False,False,L,L,P,L,1.2,0.26,-0.312
0.26,LL,LP,False,False,L,L,L,P,2.2,0.74,-1.6280000000000001
0.26,LL,PP,False,False,L,L,P,P,2.2,1.0,-1.9400000000000002
0.26,PL,LL,False,False,P,L,L,L,1.2,-0.312,0.26
0.26,PL,PL,False,True,P,L,P,L,0.6799999999999999,0.08320000000000001,0.08320000000000001
0.26,PL,LP,False,False,P,L,L,P,1.68,0.8128,-0.9832
0.26,PL,PP,False,False,P,L,P,P,1.68,1.208,-1.16
0.26,LP,LL,False,False,L,P,L,L,2.2,-1.6280000000000001,0.74
0.26,LP,PL,False,False,L,P,P,L,1.68,-0.9832,0.8128
0.26,LP,LP,False,True,L,P,L,P,0.7200000000000002,0.20719999999999986,0.20719999999999986
0.26,LP,PP,False,False,L,P,P,P,0.8,0.852,0.2799999999999998
0.26,PP,LL,False,False,P,P,L,L,2.2,-1.9400000000000002,1.0
0.26,PP,PL,False,False,P,P,P,L,1.68,-1.16,1.208
0.26,PP,LP,False,False,P,P,L,P,0.8,0.2799999999999998,0.852
0.26,PP,PP,False,True,P,P,P,P,0.19999999999999996,1.06,1.06
0.27,LL,LL,True,True,L,L,L,L,0.0,0.0,0.0
0.27,LL,PL,False,False,L,L,P,L,1.2,0.27,-0.324
0.27,LL,LP,False,False,L,L,L,P,2.2,0.73,-1.606
0.27,LL,PP,False,False,L,L,P,P,2.2,1.0,-1.9300000000000002
0.27,PL,LL,False,False,P,L,L,L,1.2,-0.324,0.27
0.27,PL,PL,False,True,P,L,P,L,0.6599999999999999,0.0918,0.0918
0.27,PL,LP,False,False,P,L,L,P,1.66,0.8002,-0.9418
0.27,PL,PP,False,False,P,L,P,P,1.66,1.216,-1.1199999999999999
0.27,LP,LL,False,False,L,P,L,L,2.2,-1.606,0.73
0.27,LP,PL,False,False,L,P,P,L,1.66,-0.9418,0.8002
0.27,LP,LP,False,True,L,P,L,P,0.74,0.1898,0.1898
0.27,LP,PP,False,False,L,P,P,P,0.8,0.854,0.26
0.27,PP,LL,False,False,P,P,L,L,2.2,-1.9300000000000002,1.0
0.27,PP,PL,False,False,P,P,P,L,1.66,-1.1199999999999999,1.216
0.27,PP,LP,False,False,P,P,L,P,0.8,0.26,0.854
0.27,PP,PP,False,True,P,P,P,P,0.19999999999999996,1.07,1.07
0.28,LL,LL,True,True,L,L,L,L,0.0,0.0,0.0
0.28,LL,PL,False,False,L,L,P,L,1.2,0.28,-0.336
0.28,LL,LP,False,False,L,L,L,P,2.2,0.72,-1.584
0.28,LL,PP,False,False,L,L,P,P,2.2,1.0,-1.9200000000000002
0.28,PL,LL,False,False,P,L,L,L,1.2,-0.336,0.28
0.28,PL,PL,False,True,P,L,P,L,0.6399999999999999,0.10080000000000001,0.10080000000000001
0.28,PL,LP,False,False,P,L,L,P,1.64,0.7872000000000001,-0.9007999999999998
0.28,PL,PP,False,False,P,L,P,P,1.64,1.2240000000000002,-1.0799999999999998
0.28,LP,LL,False,False,L,P,L,L,2.2,-1.584,0.72
0.28,LP,PL,False,False,L,P,P,L,1.64,-0.9007999999999998,0.7872000000000001
0.28,LP,LP,False,True,L,P,L,P,0.7599999999999998,0.17280000000000015,0.17280000000000015
0.28,LP,PP,False,False,L,P,P,P,0.8,0.856,0.24000000000000024
0.28,PP,LL,False,False,P,P,L,L,2.2,-1.9200000000000002,1.0
0.28,PP,PL,False,False,P,P,P,L,1.64,-1.0799999999999998,1.2240000000000002
0.28,PP,LP,False,False,P,P,L,P,0.8,0.24000000000000024,0.856
0.28,PP,PP,False,True,P,P,P,P,0.19999999999999996,1.08,1.08
0.29,LL,LL,True,True,L,L,L,L,0.0,0.0,0.0
0.29,LL,PL,False,False,L,L,P,L,1.2,0.29,-0.348
0.29,LL,LP,False,False,L,L,L,P,2.2,0.71,-1.562
0.29,LL,PP,False,False,L,L,P,P,2.2,1.0,-1.9100000000000001
0.29,PL,LL,False,False,P,L,L,L,1.2,-0.348,0.29
0.29,PL,PL,False,True,P,L,P,L,0.6200000000000001,0.11019999999999994,0.11019999999999994
0.29,PL,LP,False,False,P,L,L,P,1.62,0.7737999999999999,-0.8602000000000001
0.29,PL,PP,False,False,P,L,P,P,1.62,1.232,-1.04
0.29,LP,LL,False,False,L,P,L,L,2.2,-1.562,0.71
0.29,LP,PL,False,False,L,P,P,L,1.62,-0.8602000000000001,0.7737999999999999
0.29,LP,LP,False,True,L,P,L,P,0.78,0.15619999999999992,0.15619999999999992
0.29,LP,PP,False,False,L,P,P,P,0.8,0.8579999999999999,0.2199999999999999
0.29,PP,LL,False,False,P,P,L,L,2.2,-1.9100000000000001,1.0
0.29,PP,PL,False,False,P,P,P,L,1.62,-1.04,1.232
0.29,PP,LP,False,False,P,P,L,P,0.8,0.2199999999999999,0.8579999999999999
0.29,PP,PP,False,True,P,P,P,P,0.19999999999999996,1.0899999999999999,1.0899999999999999
0.3,LL,LL,True,True,L,L,L,L,0.0,0.0,0.0
0.3,LL,PL,False,False,L,L,P,L,1.2,0.3,-0.36
0.3,LL,LP,False,False,L,L,L,P,2.2,0.7,-1.54
0.3,LL,PP,False,False,L,L,P,P,2.2,1.0,-1.9
0.3,PL,LL,False,False,P,L,L,L,1.2,-0.36,0.3
0.3,PL,PL,False,True,P,L,P,L,0.6000000000000001,0.11999999999999997,0.11999999999999997
0.3,PL,LP,False,False,P,L,L,P,1.6,0.7599999999999998,-0.82
0.3,PL,PP,False,False,P,L,P,P,1.6,1.24,-1.0
0.3,LP,LL,False,False,L,P,L,L,2.2,-1.54,0.7
0.3,LP,PL,False,False,L,P,P,L,1.6,-0.82,0.7599999999999998
0.3,LP,LP,False,True,L,P,L,P,0.8000000000000003,0.1399999999999998,0.1399999999999998
0.3,LP,PP,False,False,L,P,P,P,0.8000000000000003,0.8599999999999999,0.19999999999999968
0.3,PP,LL,False,False,P,P,L,L,2.2,-1.9,1.0
0.3,PP,PL,False,False,P,P,P,L,1.6,-1.0,1.24
0.3,PP,LP,False,False,P,P,L,P,0.8000000000000003,0.19999999999999968,0.8599999999999999
0.3,PP,PP,False,True,P,P,P,P,0.19999999999999996,1.1,1.1
0.31,LL,LL,True,True,L,L,L,L,0.0,0.0,0.0
0.31,LL,PL,False,False,L,L,P,L,1.2,0.31,-0.372
0.31,LL,LP,False,False,L,L,L,P,2.2,0.69,-1.518
0.31,LL,PP,False,False,L,L,P,P,2.2,1.0,-1.8900000000000001
0.31,PL,LL,False,False,P,L,L,L,1.2,-0.372,0.31
0.31,PL,PL,False,True,P,L,P,L,0.5800000000000001,0.13019999999999995,0.13019999999999995
0.31,PL,LP,False,False,P,L,L,P,1.58,0.7457999999999998,-0.7802
0.31,PL,PP,False,False,P,L,P,P,1.58,1.248,-0.96
0.31,LP,LL,False,False,L,P,L,L,2.2,-1.518,0.69
0.31,LP,PL,False,False,L,P,P,L,1.58,-0.7802,0.7457999999999998
0.31,LP,LP,False,True,L,P,L,P,0.8200000000000001,0.12419999999999991,0.12419999999999991
0.31,LP,PP,False,False,L,P,P,P,0.8200000000000001,0.8619999999999999,0.17999999999999988
0.31,PP,LL,False,False,P,P,L,L,2.2,-1.8900000000000001,1.0
0.31,PP,PL,False,False,P,P,P,L,1.58,-0.96,1.248
0.31,PP,LP,False,False,P,P,L,P,0.8200000000000001,0.17999999999999988,0.8619999999999999
0.31,PP,PP,False,True,P,P,P,P,0.19999999999999996,1.1099999999999999,1.1099999999999999
0.32,LL,LL,True,True,L,L,L,L,0.0,0.0,0.0
0.32,LL,PL,False,False,L,L,P,L,1.2,0.32,-0.384
0.32,LL,LP,False,False,L,L,L,P,2.2,0.6799999999999999,-1.496
0.32,LL,PP,False,False,L,L,P,P,2.2,1.0,-1.88
0.32,PL,LL,False,False,P,L,L,L,1.2,-0.384,0.32
0.32,PL,PL,False,True,P,L,P,L,0.56,0.14079999999999998,0.14079999999999998
0.32,PL,LP,False,False,P,L,L,P,1.56,0.7312,-0.7407999999999999
0.32,PL,PP,False,False,P,L,P,P,1.56,1.256,-0.9199999999999999
0.32,LP,LL,False,False,L,P,L,L,2.2,-1.496,0.6799999999999999
0.32,LP,PL,False,False,L,P,P,L,1.56,-0.7407999999999999,0.7312
0.32,LP,LP,False,True,L,P,L,P,0.8399999999999999,0.10880000000000005,0.10880000000000005
0.32,LP,PP,False,False,L,P,P,P,0.8399999999999999,0.8639999999999999,0.1600000000000001
0.32,PP,LL,False,False,P,P,L,L,2.2,-1.88,1.0
0.32,PP,PL,False,False,P,P,P,L,1.56,-0.9199999999999999,1.256
0.32,PP,LP,False,False,P,P,L,P,0.8399999999999999,0.1600000000000001,0.8639999999999999
0.32,PP,PP,False,True,P,P,P,P,0.19999999999999996,1.12,1.12
0.33,LL,LL,True,True,L,L,L,L,0.0,0.0,0.0
0.33,LL,PL,False,False,L,L,P,L,1.2,0.33,-0.396
0.33,LL,LP,False,False,L,L,L,P,2.2,0.6699999999999999,-1.474
0.33,LL,PP,False,False,L,L,P,P,2.2,1.0,-1.87
0.33,PL,LL,False,False,P,L,L,L,1.2,-0.396,0.33
0.33,PL,PL,False,True,P,L,P,L,0.54,0.1518,0.1518
0.33,PL,LP,False,False,P,L,L,P,1.54,0.7162,-0.7017999999999999
0.33,PL,PP,False,False,P,L,P,P,1.54,1.264,-0.8799999999999999
0.33,LP,LL,False,False,L,P,L,L,2.2,-1.474,0.6699999999999999
0.33,LP,PL,False,False,L,P,P,L,1.54,-0.7017999999999999,0.7162
0.33,LP,LP,False,True,L,P,L,P,0.8600000000000001,0.09379999999999988,0.09379999999999988
0.33,LP,PP,False,False,L,P,P,P,0.8600000000000001,0.8659999999999999,0.13999999999999987
0.33,PP,LL,False,False,P,P,L,L,2.2,-1.87,1.0
0.33,PP,PL,False,False,P,P,P,L,1.54,-0.8799999999999999,1.264
0.33,PP,LP,False,False,P,P,L,P,0.8600000000000001,0.13999999999999987,0.8659999999999999
0.33,PP,PP,False,True,P,P,P,P,0.19999999999999996,1.13,1.13
0.34,LL,LL,True,True,L,L,L,L,0.0,0.0,0.0
0.34,LL,PL,False,False,L,L,P,L,1.2,0.34,-0.40800000000000003
0.34,LL,LP,False,False,L,L,L,P,2.2,0.6599999999999999,-1.452
0.34,LL,PP,False,False,L,L,P,P,2.2,1.0,-1.8599999999999999
0.34,PL,LL,False,False,P,L,L,L,1.2,-0.40800000000000003,0.34
0.34,PL,PL,False,True,P,L,P,L,0.52,0.16319999999999998,0.16319999999999998
0.34,PL,LP,False,False,P,L,L,P,1.52,0.7007999999999999,-0.6631999999999998
0.34,PL,PP,False,False,P,L,P,P,1.52,1.272,-0.8399999999999999
0.34,LP,LL,False,False,L,P,L,L,2.2,-1.452,0.6599999999999999
0.34,LP,PL,False,False,L,P,P,L,1.52,-0.6631999999999998,0.7007999999999999
0.34,LP,LP,False,True,L,P,L,P,0.8800000000000001,0.07919999999999988,0.07919999999999988
0.34,LP,PP,False,False,L,P,P,P,0.8800000000000001,0.8679999999999999,0.11999999999999983
0.34,PP,LL,False,False,P,P,L,L,2.2,-1.8599999999999999,1.0
0.34,PP,PL,False,False,P,P,P,L,1.52,-0.8399999999999999,1.272
0.34,PP,LP,False,False,P,P,L,P,0.8800000000000001,0.11999999999999983,0.8679999999999999
0.34,PP,PP,False,True,P,P,P,P,0.19999999999999996,1.1400000000000001,1.1400000000000001
0.35,LL,LL,True,True,L,L,L,L,0.0,0.0,0.0
0.35,LL,PL,False,False,L,L,P,L,1.2,0.35,-0.42
0.35,LL,LP,False,False,L,L,L,P,2.2,0.65,-1.4300000000000002
0.35,LL,PP,False,False,L,L,P,P,2.2,1.0,-1.85
0.35,PL,LL,False,False,P,L,L,L,1.2,-0.42,0.35
0.35,PL,PL,False,True,P,L,P,L,0.5000000000000002,0.17499999999999993,0.17499999999999993
0.35,PL,LP,False,False,P,L,L,P,1.5,0.685,-0.6250000000000002
0.35,PL,PP,False,False,P,L,P,P,1.5,1.28,-0.8000000000000003
0.35,LP,LL,False,False,L,P,L,L,2.2,-1.4300000000000002,0.65
0.35,LP,PL,False,False,L,P,P,L,1.5,-0.6250000000000002,0.685
0.35,LP,LP,False,True,L,P,L,P,0.8999999999999998,0.06500000000000011,0.06500000000000011
0.35,LP,PP,False,False,L,P,P,P,0.8999999999999998,0.87,0.1000000000000002
0.35,PP,LL,False,False,P,P,L,L,2.2,-1.85,1.0
0.35,PP,PL,False,False,P,P,P,L,1.5,-0.8000000000000003,1.28
0.35,PP,LP,False,False,P,P,L,P,0.8999999999999998,0.1000000000000002,0.87
0.35,PP,PP,False,True,P,P,P,P,0.19999999999999996,1.15,1.15
0.36,LL,LL,True,True,L,L,L,L,0.0,0.0,0.0
0.36,LL,PL,False,False,L,L,P,L,1.2,0.36,-0.432
0.36,LL,LP,False,False,L,L,L,P,2.2,0.64,-1.4080000000000001
0.36,LL,PP,False,False,L,L,P,P,2.2,1.0,-1.84
0.36,PL,LL,False,False,P,L,L,L,1.2,-0.432,0.36
0.36,PL,PL,False,True,P,L,P,L,0.4799999999999999,0.18720000000000003,0.18720000000000003
0.36,PL,LP,False,False,P,L,L,P,1.48,0.6688000000000001,-0.5871999999999999
0.36,PL,PP,False,False,P,L,P,P,1.48,1.288,-0.76
0.36,LP,LL,False,False,L,P,L,L,2.2,-1.4080000000000001,0.64
0.36,LP,PL,False,False,L,P,P,L,1.48,-0.5871999999999999,0.6688000000000001
0.36,LP,LP,False,True,L,P,L,P,0.92,0.05119999999999997,0.05119999999999997
0.36,LP,PP,False,False,L,P,P,P,0.92,0.872,0.07999999999999996
0.36,PP,LL,False,False,P,P,L,L,2.2,-1.84,1.0
0.36,PP,PL,False,False,P,P,P,L,1.48,-0.76,1.288
0.36,PP,LP,False,False,P,P,L,P,0.92,0.07999999999999996,0.872
0.36,PP,PP,False,True,P,P,P,P,0.19999999999999996,1.1600000000000001,1.1600000000000001
0.37,LL,LL,True,True,L,L,L,L,0.0,0.0,0.0
0.37,LL,PL,False,False,L,L,P,L,1.2,0.37,-0.444
0.37,LL,LP,False,False,L,L,L,P,2.2,0.63,-1.3860000000000001
0.37,LL,PP,False,False,L,L,P,P,2.2,1.0,-1.83
0.37,PL,LL,False,False,P,L,L,L,1.2,-0.444,0.37
0.37,PL,PL,False,True,P,L,P,L,0.46000000000000013,0.19979999999999995,0.19979999999999995
0.37,PL,LP,False,False,P,L,L,P,1.46,0.6522000000000001,-0.5498000000000001
0.37,PL,PP,False,False,P,L,P,P,1.46,1.296,-0.7200000000000002
0.37,LP,LL,False,False,L,P,L,L,2.2,-1.3860000000000001,0.63
0.37,LP,PL,False,False,L,P,P,L,1.46,-0.5498000000000001,0.6522000000000001
0.37,LP,LP,False,True,L,P,L,P,0.9399999999999998,0.03780000000000011,0.03780000000000011
0.37,LP,PP,False,False,L,P,P,P,0.9399999999999998,0.874,0.06000000000000019
0.37,PP,LL,False,False,P,P,L,L,2.2,-1.83,1.0
0.37,PP,PL,False,False,P,P,P,L,1.46,-0.7200000000000002,1.296
0.37,PP,LP,False,False,P,P,L,P,0.9399999999999998,0.06000000000000019,0.874
0.37,PP,PP,False,True,P,P,P,P,0.19999999999999996,1.17,1.17
0.38,LL,LL,True,True,L,L,L,L,0.0,0.0,0.0
0.38,LL,PL,False,False,L,L,P,L,1.2,0.38,-0.45599999999999996
0.38,LL,LP,False,False,L,L,L,P,2.2,0.62,-1.364
0.38,LL,PP,False,False,L,L,P,P,2.2,1.0,-1.82
0.38,PL,LL,False,False,P,L,L,L,1.2,-0.45599999999999996,0.38
0.38,PL,PL,False,True,P,L,P,L,0.4399999999999999,0.21280000000000004,0.21280000000000004
0.38,PL,LP,False,False,P,L,L,P,1.44,0.6352,-0.5127999999999999
0.38,PL,PP,False,False,P,L,P,P,1.44,1.304,-0.6799999999999998
0.38,LP,LL,False,False,L,P,L,L,2.2,-1.364,0.62
0.38,LP,PL,False,False,L,P,P,L,1.44,-0.5127999999999999,0.6352
0.38,LP,LP,False,True,L,P,L,P,0.9600000000000001,0.02479999999999996,0.02479999999999996
0.38,LP,PP,False,False,L,P,P,P,0.9600000000000001,0.876,0.039999999999999925
0.38,PP,LL,False,False,P,P,L,L,2.2,-1.82,1.0
0.38,PP,PL,False,False,P,P,P,L,1.44,-0.6799999999999998,1.304
0.38,PP,LP,False,False,P,P,L,P,0.9600000000000001,0.039999999999999925,0.876
0.38,PP,PP,False,True,P,P,P,P,0.19999999999999996,1.1800000000000002,1.1800000000000002
0.39,LL,LL,True,True,L,L,L,L,0.0,0.0,0.0
0.39,LL,PL,False,False,L,L,P,L,1.2,0.39,-0.46799999999999997
0.39,LL,LP,False,False,L,L,L,P,2.2,0.61,-1.342
0.39,LL,PP,False,False,L,L,P,P,2.2,1.0,-1.81
0.39,PL,LL,False,False,P,L,L,L,1.2,-0.46799999999999997,0.39
0.39,PL,PL,False,True,P,L,P,L,0.4200000000000001,0.22619999999999996,0.22619999999999996
0.39,PL,LP,False,False,P,L,L,P,1.42,0.6178,-0.47619999999999996
0.39,PL,PP,False,False,P,L,P,P,1.42,1.312,-0.64
0.39,LP,LL,False,False,L,P,L,L,2.2,-1.342,0.61
0.39,LP,PL,False,False,L,P,P,L,1.42,-0.47619999999999996,0.6178
0.39,LP,LP,False,True,L,P,L,P,0.9799999999999999,0.012200000000000072,0.012200000000000072
0.39,LP,PP,False,False,L,P,P,P,0.9799999999999999,0.878,0.02000000000000013
0.39,PP,LL,False,False,P,P,L,L,2.2,-1.81,1.0
0.39,PP,PL,False,False,P,P,P,L,1.42,-0.64,1.312
0.39,PP,LP,False,False,P,P,L,P,0.9799999999999999,0.02000000000000013,0.878
0.39,PP,PP,False,True,P,P,P,P,0.19999999999999996,1.19,1.19
0.4,LL,LL,True,True,L,L,L,L,0.0,0.0,0.0
0.4,LL,PL,False,False,L,L,P,L,1.2,0.4,-0.48
0.4,LL,LP,False,False,L,L,L,P,2.2,0.6,-1.32
0.4,LL,PP,False,False,L,L,P,P,2.2,1.0,-1.8
0.4,PL,LL,False,False,P,L,L,L,1.2,-0.48,0.4
0.4,PL,PL,False,True,P,L,P,L,0.39999999999999986,0.24000000000000005,0.24000000000000005
0.4,PL,LP,False,False,P,L,L,P,1.4,0.6,-0.43999999999999984
0.4,PL,PP,False,False,P,L,P,P,1.4,1.32,-0.5999999999999998
0.4,LP,LL,False,False,L,P,L,L,2.2,-1.32,0.6
0.4,LP,PL,False,False,L,P,P,L,1.4,-0.43999999999999984,0.6
0.4,LP,LP,False,True,L,P,L,P,1.0,-8.326672684688674e-17,-8.326672684688674e-17
0.4,LP,PP,False,False,L,P,P,P,1.0,0.88,-1.1102230246251565e-16
0.4,PP,LL,False,False,P,P,L,L,2.2,-1.8,1.0
0.4,PP,PL,False,False,P,P,P,L,1.4,-0.5999999999999998,1.32
0.4,PP,LP,False,False,P,P,L,P,1.0,-1.1102230246251565e-16,0.88
0.4,PP,PP,False,True,P,P,P,P,0.19999999999999996,1.2000000000000002,1.2000000000000002
0.41,LL,LL,True,True,L,L,L,L,0.0,0.0,0.0
0.41,LL,PL,False,False,L,L,P,L,1.2,0.41000000000000003,-0.49199999999999994
0.41,LL,LP,False,False,L,L,L,P,2.2,0.5900000000000001,-1.2980000000000003
0.41,LL,PP,False,False,L,L,P,P,2.2,1.0,-1.7900000000000003
0.41,PL,LL,False,False,P,L,L,L,1.2,-0.49199999999999994,0.41000000000000003
0.41,PL,PL,False,True,P,L,P,L,0.38,0.25420000000000004,0.25420000000000004
0.41,PL,LP,False,False,P,L,L,P,1.38,0.5818000000000002,-0.40420000000000006
0.41,PL,PP,False,False,P,L,P,P,1.38,1.328,-0.56
0.41,LP,LL,False,False,L,P,L,L,2.2,-1.2980000000000003,0.5900000000000001
0.41,LP,PL,False,False,L,P,P,L,1.38,-0.40420000000000006,0.5818000000000002
0.41,LP,LP,False,True,L,P,L,P,1.0199999999999998,-0.011799999999999838,-0.011799999999999838
0.41,LP,PP,False,False,L,P,P,P,1.0199999999999998,0.8820000000000001,-0.019999999999999768
0.41,PP,LL,False,False,P,P,L,L,2.2,-1.7900000000000003,1.0
0.41,PP,PL,False,False,P,P,P,L,1.38,-0.56,1.328
0.41,PP,LP,False,False,P,P,L,P,1.0199999999999998,-0.019999999999999768,0.8820000000000001
0.41,PP,PP,False,True,P,P,P,P,0.19999999999999996,1.21,1.21
0.42,LL,LL,True,True,L,L,L,L,0.0,0.0,0.0
0.42,LL,PL,False,False,L,L,P,L,1.2,0.42,-0.504
0.42,LL,LP,False,False,L,L,L,P,2.2,0.5800000000000001,-1.2760000000000002
0.42,LL,PP,False,False,L,L,P,P,2.2,1.0,-1.7800000000000002
0.42,PL,LL,False,False,P,L,L,L,1.2,-0.504,0.42
0.42,PL,PL,False,True,P,L,P,L,0.36,0.2688,0.2688
0.42,PL,LP,False,False,P,L,L,P,1.3599999999999999,0.5632000000000001,-0.3688
0.42,PL,PP,False,False,P,L,P,P,1.3599999999999999,1.336,-0.52
0.42,LP,LL,False,False,L,P,L,L,2.2,-1.2760000000000002,0.5800000000000001
0.42,LP,PL,False,False,L,P,P,L,1.3599999999999999,-0.3688,0.5632000000000001
0.42,LP,LP,False,True,L,P,L,P,1.0399999999999998,-0.02319999999999986,-0.02319999999999986
0.42,LP,PP,False,False,L,P,P,P,1.0399999999999998,0.8840000000000001,-0.03999999999999976
0.42,PP,LL,False,False,P,P,L,L,2.2,-1.7800000000000002,1.0
0.42,PP,PL,False,False,P,P,P,L,1.3599999999999999,-0.52,1.336
0.42,PP,LP,False,False,P,P,L,P,1.0399999999999998,-0.03999999999999976,0.8840000000000001
0.42,PP,PP,False,True,P,P,P,P,0.19999999999999996,1.2200000000000002,1.2200000000000002
0.43,LL,LL,True,True,L,L,L,L,0.0,0.0,0.0
0.43,LL,PL,False,False,L,L,P,L,1.2,0.43,-0.516
0.43,LL,LP,False,False,L,L,L,P,2.2,0.5700000000000001,-1.2540000000000002
0.43,LL,PP,False,False,L,L,P,P,2.2,1.0,-1.7700000000000002
0.43,PL,LL,False,False,P,L,L,L,1.2,-0.516,0.43
0.43,PL,PL,False,True,P,L,P,L,0.33999999999999997,0.28380000000000005,0.28380000000000005
0.43,PL,LP,False,False,P,L,L,P,1.3399999999999999,0.5442000000000002,-0.3338000000000001
0.43,PL,PP,False,False,P,L,P,P,1.3399999999999999,1.344,-0.48000000000000004
0.43,LP,LL,False,False,L,P,L,L,2.2,-1.2540000000000002,0.5700000000000001
0.43,LP,PL,False,False,L,P,P,L,1.3399999999999999,-0.3338000000000001,0.5442000000000002
0.43,LP,LP,False,True,L,P,L,P,1.0599999999999998,-0.03419999999999987,-0.03419999999999987
0.43,LP,PP,False,False,L,P,P,P,1.0599999999999998,0.8860000000000001,-0.059999999999999776
0.43,PP,LL,False,False,P,P,L,L,2.2,-1.7700000000000002,1.0
0.43,PP,PL,False,False,P,P,P,L,1.3399999999999999,-0.48000000000000004,1.344
0.43,PP,LP,False,False,P,P,L,P,1.0599999999999998,-0.059999999999999776,0.8860000000000001
0.43,PP,PP,False,True,P,P,P,P,0.19999999999999996,1.23,1.23
0.44,LL,LL,True,True,L,L,L,L,0.0,0.0,0.0
0.44,LL,PL,False,False,L,L,P,L,1.2,0.44000000000000006,-0.528
0.44,LL,LP,False,False,L,L,L,P,2.2,0.56,-1.2320000000000002
0.44,LL,PP,False,False,L,L,P,P,2.2,1.0,-1.7600000000000002
0.44,PL,LL,False,False,P,L,L,L,1.2,-0.528,0.44000000000000006
0.44,PL,PL,False,True,P,L,P,L,0.31999999999999995,0.2992000000000001,0.2992000000000001
0.44,PL,LP,False,False,P,L,L,P,1.3199999999999998,0.5248000000000002,-0.29919999999999997
0.44,PL,PP,False,False,P,L,P,P,1.3199999999999998,1.352,-0.43999999999999995
0.44,LP,LL,False,False,L,P,L,L,2.2,-1.2320000000000002,0.56
0.44,LP,PL,False,False,L,P,P,L,1.3199999999999998,-0.29919999999999997,0.5248000000000002
0.44,LP,LP,False,True,L,P,L,P,1.0799999999999998,-0.04479999999999987,-0.04479999999999987
0.44,LP,PP,False,False,L,P,P,P,1.0799999999999998,0.8880000000000001,-0.07999999999999985
0.44,PP,LL,False,False,P,P,L,L,2.2,-1.7600000000000002,1.0
0.44,PP,PL,False,False,P,P,P,L,1.3199999999999998,-0.43999999999999995,1.352
0.44,PP,LP,False,False,P,P,L,P,1.0799999999999998,-0.07999999999999985,0.8880000000000001
0.44,PP,PP,False,True,P,P,P,P,0.19999999999999996,1.2400000000000002,1.2400000000000002
0.45,LL,LL,True,True,L,L,L,L,0.0,0.0,0.0
0.45,LL,PL,False,False,L,L,P,L,1.2,0.45000000000000007,-0.54
0.45,LL,LP,False,False,L,L,L,P,2.2,0.55,-1.2100000000000002
0.45,LL,PP,False,False,L,L,P,P,2.2,1.0,-1.7500000000000002
0.45,PL,LL,False,False,P,L,L,L,1.2,-0.54,0.45000000000000007
0.45,PL,PL,False,True,P,L,P,L,0.29999999999999993,0.31500000000000006,0.31500000000000006
0.45,PL,LP,False,False,P,L,L,P,1.2999999999999998,0.5050000000000001,-0.26499999999999996
0.45,PL,PP,False,False,P,L,P,P,1.2999999999999998,1.36,-0.3999999999999999
0.45,LP,LL,False,False,L,P,L,L,2.2,-1.2100000000000002,0.55
0.45,LP,PL,False,False,L,P,P,L,1.2999999999999998,-0.26499999999999996,0.5050000000000001
0.45,LP,LP,False,True,L,P,L,P,1.0999999999999999,-0.05499999999999991,-0.05499999999999991
0.45,LP,PP,False,False,L,P,P,P,1.0999999999999999,0.8900000000000001,-0.09999999999999987
0.45,PP,LL,False,False,P,P,L,L,2.2,-1.7500000000000002,1.0
0.45,PP,PL,False,False,P,P,P,L,1.2999999999999998,-0.3999999999999999,1.36
0.45,PP,LP,False,False,P,P,L,P,1.0999999999999999,-0.09999999999999987,0.8900000000000001
0.45,PP,PP,False,True,P,P,P,P,0.19999999999999996,1.25,1.25
0.46,LL,LL,True,True,L,L,L,L,0.0,0.0,0.0
0.46,LL,PL,False,False,L,L,P,L,1.2,0.4600000000000001,-0.552
0.46,LL,LP,False,False,L,L,L,P,2.2,0.54,-1.1880000000000002
0.46,LL,PP,False,False,L,L,P,P,2.2,1.0,-1.7400000000000002
0.46,PL,LL,False,False,P,L,L,L,1.2,-0.552,0.4600000000000001
0.46,PL,PL,False,True,P,L,P,L,0.2799999999999999,0.3312000000000001,0.3312000000000001
0.46,PL,LP,False,False,P,L,L,P,1.2799999999999998,0.4848000000000001,-0.2311999999999999
0.46,PL,PP,False,False,P,L,P,P,1.2799999999999998,1.368,-0.3599999999999999
0.46,LP,LL,False,False,L,P,L,L,2.2,-1.1880000000000002,0.54
0.46,LP,PL,False,False,L,P,P,L,1.2799999999999998,-0.2311999999999999,0.4848000000000001
0.46,LP,LP,False,True,L,P,L,P,1.1199999999999999,-0.06479999999999989,-0.06479999999999989
0.46,LP,PP,False,False,L,P,P,P,1.1199999999999999,0.8920000000000001,-0.11999999999999986
0.46,PP,LL,False,False,P,P,L,L,2.2,-1.7400000000000002,1.0
0.46,PP,PL,False,False,P,P,P,L,1.2799999999999998,-0.3599999999999999,1.368
0.46,PP,LP,False,False,P,P,L,P,1.1199999999999999,-0.11999999999999986,0.8920000000000001
0.46,PP,PP,False,True,P,P,P,P,0.19999999999999996,1.2600000000000002,1.2600000000000002
0.47,LL,LL,True,True,L,L,L,L,0.0,0.0,0.0
0.47,LL,PL,False,False,L,L,P,L,1.2,0.47,-0.564
0.47,LL,LP,False,False,L,L,L,P,2.2,0.53,-1.1660000000000001
0.47,LL,PP,False,False,L,L,P,P,2.2,1.0,-1.73
0.47,PL,LL,False,False,P,L,L,L,1.2,-0.564,0.47
0.47,PL,PL,False,True,P,L,P,L,0.26000000000000006,0.34779999999999994,0.34779999999999994
0.47,PL,LP,False,False,P,L,L,P,1.26,0.46420000000000006,-0.19780000000000003
0.47,PL,PP,False,False,P,L,P,P,1.26,1.376,-0.32000000000000006
0.47,LP,LL,False,False,L,P,L,L,2.2,-1.1660000000000001,0.53
0.47,LP,PL,False,False,L,P,P,L,1.26,-0.19780000000000003,0.46420000000000006
0.47,LP,LP,False,True,L,P,L,P,1.14,-0.07419999999999999,-0.07419999999999999
0.47,LP,PP,False,False,L,P,P,P,1.14,0.894,-0.13999999999999996
0.47,PP,LL,False,False,P,P,L,L,2.2,-1.73,1.0
0.47,PP,PL,False,False,P,P,P,L,1.26,-0.32000000000000006,1.376
0.47,PP,LP,False,False,P,P,L,P,1.14,-0.13999999999999996,0.894
0.47,PP,PP,False,True,P,P,P,P,0.19999999999999996,1.27,1.27
0.48,LL,LL,True,True,L,L,L,L,0.0,0.0,0.0
0.48,LL,PL,False,False,L,L,P,L,1.2,0.48,-0.576
0.48,LL,LP,False,False,L,L,L,P,2.2,0.52,-1.1440000000000001
0.48,LL,PP,False,False,L,L,P,P,2.2,1.0,-1.7200000000000002
0.48,PL,LL,False,False,P,L,L,L,1.2,-0.576,0.48
0.48,PL,PL,False,True,P,L,P,L,0.24000000000000005,0.36479999999999996,0.36479999999999996
0.48,PL,LP,False,False,P,L,L,P,1.24,0.44320000000000004,-0.1648
0.48,PL,PP,False,False,P,L,P,P,1.24,1.384,-0.28
0.48,LP,LL,False,False,L,P,L,L,2.2,-1.1440000000000001,0.52
0.48,LP,PL,False,False,L,P,P,L,1.24,-0.1648,0.44320000000000004
0.48,LP,LP,False,True,L,P,L,P,1.16,-0.0832,-0.0832
0.48,LP,PP,False,False,L,P,P,P,1.16,0.896,-0.15999999999999998
0.48,PP,LL,False,False,P,P,L,L,2.2,-1.7200000000000002,1.0
0.48,PP,PL,False,False,P,P,P,L,1.24,-0.28,1.384
0.48,PP,LP,False,False,P,P,L,P,1.16,-0.15999999999999998,0.896
0.48,PP,PP,False,True,P,P,P,P,0.19999999999999996,1.28,1.28
0.49,LL,LL,True,True,L,L,L,L,0.0,0.0,0.0
0.49,LL,PL,False,False,L,L,P,L,1.2,0.49,-0.588
0.49,LL,LP,False,False,L,L,L,P,2.2,0.51,-1.122
0.49,LL,PP,False,False,L,L,P,P,2.2,1.0,-1.71
0.49,PL,LL,False,False,P,L,L,L,1.2,-0.588,0.49
0.49,PL,PL,False,True,P,L,P,L,0.22000000000000003,0.3822,0.3822
0.49,PL,LP,False,False,P,L,L,P,1.22,0.4218,-0.13220000000000004
0.49,PL,PP,False,False,P,L,P,P,1.22,1.392,-0.24000000000000005
0.49,LP,LL,False,False,L,P,L,L,2.2,-1.122,0.51
0.49,LP,PL,False,False,L,P,P,L,1.22,-0.13220000000000004,0.4218
0.49,LP,LP,False,True,L,P,L,P,1.18,-0.09179999999999994,-0.09179999999999994
0.49,LP,PP,False,False,L,P,P,P,1.18,0.898,-0.17999999999999994
0.49,PP,LL,False,False,P,P,L,L,2.2,-1.71,1.0
0.49,PP,PL,False,False,P,P,P,L,1.22,-0.24000000000000005,1.392
0.49,PP,LP,False,False,P,P,L,P,1.18,-0.17999999999999994,0.898
0.49,PP,PP,False,True,P,P,P,P,0.19999999999999996,1.29,1.29
0.5,LL,LL,True,True,L,L,L,L,0.0,0.0,0.0
0.5,LL,PL,False,False,L,L,P,L,1.2,0.5,-0.6
0.5,LL,LP,False,False,L,L,L,P,2.2,0.5,-1.1
0.5,LL,PP,False,False,L,L,P,P,2.2,1.0,-1.7000000000000002
0.5,PL,LL,False,False,P,L,L,L,1.2,-0.6,0.5
0.5,PL,PL,False,True,P,L,P,L,0.2,0.4,0.4
0.5,PL,LP,False,False,P,L,L,P,1.2,0.4,-0.09999999999999998
0.5,PL,PP,False,False,P,L,P,P,1.2,1.4,-0.19999999999999998
0.5,LP,LL,False,False,L,P,L,L,2.2,-1.1,0.5
0.5,LP,PL,False,False,L,P,P,L,1.2,-0.09999999999999998,0.4
0.5,LP,LP,False,True,L,P,L,P,1.2,-0.09999999999999998,-0.09999999999999998
0.5,LP,PP,False,False,L,P,P,P,1.2,0.9,-0.19999999999999998
0.5,PP,LL,False,False,P,P,L,L,2.2,-1.7000000000000002,1.0
0.5,PP,PL,False,False,P,P,P,L,1.2,-0.19999999999999998,1.4
0.5,PP,LP,False,False,P,P,L,P,1.2,-0.19999999999999998,0.9
0.5,PP,PP,False,True,P,P,P,P,0.19999999999999996,1.3,1.3
0.51,LL,LL,True,True,L,L,L,L,0.0,0.0,0.0
0.51,LL,PL,False,False,L,L,P,L,1.2,0.51,-0.612
0.51,LL,LP,False,False,L,L,L,P,2.2,0.49,-1.078
0.51,LL,PP,False,False,L,L,P,P,2.2,1.0,-1.69
0.51,PL,LL,False,False,P,L,L,L,1.2,-0.612,0.51
0.51,PL,PL,False,True,P,L,P,L,0.18,0.4182,0.4182
0.51,PL,LP,False,False,P,L,L,P,1.18,0.37779999999999997,-0.06819999999999998
0.51,PL,PP,False,False,P,L,P,P,1.18,1.408,-0.15999999999999998
0.51,LP,LL,False,False,L,P,L,L,2.2,-1.078,0.49
0.51,LP,PL,False,False,L,P,P,L,1.18,-0.06819999999999998,0.37779999999999997
0.51,LP,LP,False,True,L,P,L,P,1.22,-0.10779999999999995,-0.10779999999999995
0.51,LP,PP,False,False,L,P,P,P,1.22,0.902,-0.21999999999999997
0.51,PP,LL,False,False,P,P,L,L,2.2,-1.69,1.0
0.51,PP,PL,False,False,P,P,P,L,1.18,-0.15999999999999998,1.408
0.51,PP,LP,False,False,P,P,L,P,1.22,-0.21999999999999997,0.902
0.51,PP,PP,False,True,P,P,P,P,0.19999999999999996,1.31,1.31
0.52,LL,LL,True,True,L,L,L,L,0.0,0.0,0.0
0.52,LL,PL,False,False,L,L,P,L,1.2,0.52,-0.624
0.52,LL,LP,False,False,L,L,L,P,2.2,0.48,-1.056
0.52,LL,PP,False,False,L,L,P,P,2.2,1.0,-1.6800000000000002
0.52,PL,LL,False,False,P,L,L,L,1.2,-0.624,0.52
0.52,PL,PL,False,True,P,L,P,L,0.15999999999999998,0.4368,0.4368
0.52,PL,LP,False,False,P,L,L,P,1.16,0.35519999999999996,-0.03679999999999989
0.52,PL,PP,False,False,P,L,P,P,1.16,1.416,-0.11999999999999988
0.52,LP,LL,False,False,L,P,L,L,2.2,-1.056,0.48
0.52,LP,PL,False,False,L,P,P,L,1.16,-0.03679999999999989,0.35519999999999996
0.52,LP,LP,False,True,L,P,L,P,1.24,-0.11520000000000002,-0.11520000000000002
0.52,LP,PP,False,False,L,P,P,P,1.24,0.904,-0.24000000000000005
0.52,PP,LL,False,False,P,P,L,L,2.2,-1.6800000000000002,1.0
0.52,PP,PL,False,False,P,P,P,L,1.16,-0.11999999999999988,1.416
0.52,PP,LP,False,False,P,P,L,P,1.24,-0.24000000000000005,0.904
0.52,PP,PP,False,True,P,P,P,P,0.19999999999999996,1.32,1.32
0.53,LL,LL,True,True,L,L,L,L,0.0,0.0,0.0
0.53,LL,PL,False,False,L,L,P,L,1.2,0.53,-0.636
0.53,LL,LP,False,False,L,L,L,P,2.2,0.47,-1.034
0.53,LL,PP,False,False,L,L,P,P,2.2,1.0,-1.67
0.53,PL,LL,False,False,P,L,L,L,1.2,-0.636,0.53
0.53,PL,PL,False,True,P,L,P,L,0.13999999999999996,0.45580000000000004,0.45580000000000004
0.53,PL,LP,False,False,P,L,L,P,1.14,0.33219999999999994,-0.005799999999999861
0.53,PL,PP,False,False,P,L,P,P,1.14,1.424,-0.07999999999999985
0.53,LP,LL,False,False,L,P,L,L,2.2,-1.034,0.47
0.53,LP,PL,False,False,L,P,P,L,1.14,-0.005799999999999861,0.33219999999999994
0.53,LP,LP,False,True,L,P,L,P,1.26,-0.12220000000000003,-0.12220000000000003
0.53,LP,PP,False,False,L,P,P,P,1.26,0.906,-0.26000000000000006
0.53,PP,LL,False,False,P,P,L,L,2.2,-1.67,1.0
0.53,PP,PL,False,False,P,P,P,L,1.14,-0.07999999999999985,1.424
0.53,PP,LP,False,False,P,P,L,P,1.26,-0.26000000000000006,0.906
0.53,PP,PP,False,True,P,P,P,P,0.19999999999999996,1.33,1.33
0.54,LL,LL,True,True,L,L,L,L,0.0,0.0,0.0
0.54,LL,PL,False,False,L,L,P,L,1.2,0.54,-0.648
0.54,LL,LP,False,False,L,L,L,P,2.2,0.45999999999999996,-1.012
0.54,LL,PP,False,False,L,L,P,P,2.2,1.0,-1.6600000000000001
0.54,PL,LL,False,False,P,L,L,L,1.2,-0.648,0.54
0.54,PL,PL,False,True,P,L,P,L,0.11999999999999994,0.47520000000000007,0.47520000000000007
0.54,PL,LP,False,False,P,L,L,P,1.1199999999999999,0.3087999999999999,0.0248000000000001
0.54,PL,PP,False,False,P,L,P,P,1.1199999999999999,1.432,-0.03999999999999987
0.54,LP,LL,False,False,L,P,L,L,2.2,-1.012,0.45999999999999996
0.54,LP,PL,False,False,L,P,P,L,1.1199999999999999,0.0248000000000001,0.3087999999999999
0.54,LP,LP,False,True,L,P,L,P,1.28,-0.12879999999999997,-0.12879999999999997
0.54,LP,PP,False,False,L,P,P,P,1.28,0.908,-0.28
0.54,PP,LL,False,False,P,P,L,L,2.2,-1.6600000000000001,1.0
0.54,PP,PL,False,False,P,P,P,L,1.1199999999999999,-0.03999999999999987,1.432
0.54,PP,LP,False,False,P,P,L,P,1.28,-0.28,0.908
0.54,PP,PP,False,True,P,P,P,P,0.19999999999999996,1.34,1.34
0.55,LL,LL,True,True,L,L,L,L,0.0,0.0,0.0
0.55,LL,PL,False,False,L,L,P,L,1.2,0.55,-0.66
0.55,LL,LP,False,False,L,L,L,P,2.2,0.44999999999999996,-0.99
0.55,LL,PP,False,False,L,L,P,P,2.2,1.0,-1.65
0.55,PL,LL,False,False,P,L,L,L,1.2,-0.66,0.55
0.55,PL,PL,False,True,P,L,P,L,0.09999999999999992,0.4950000000000001,0.4950000000000001
0.55,PL,LP,False,False,P,L,L,P,1.0999999999999999,0.28499999999999986,0.05500000000000016
0.55,PL,PP,False,False,P,L,P,P,1.0999999999999999,1.44,1.942890293094024e-16
0.55,LP,LL,False,False,L,P,L,L,2.2,-0.99,0.44999999999999996
0.55,LP,PL,False,False,L,P,P,L,1.0999999999999999,0.05500000000000016,0.28499999999999986
0.55,LP,LP,False,True,L,P,L,P,1.3,-0.135,-0.135
0.55,LP,PP,False,False,L,P,P,P,1.3,0.91,-0.3000000000000001
0.55,PP,LL,False,False,P,P,L,L,2.2,-1.65,1.0
0.55,PP,PL,False,False,P,P,P,L,1.0999999999999999,1.942890293094024e-16,1.44
0.55,PP,LP,False,False,P,P,L,P,1.3,-0.3000000000000001,0.91
0.55,PP,PP,False,True,P,P,P,P,0.19999999999999996,1.35,1.35
0.56,LL,LL,True,True,L,L,L,L,0.0,0.0,0.0
0.56,LL,PL,False,False,L,L,P,L,1.2,0.56,-0.672
0.56,LL,LP,False,False,L,L,L,P,2.2,0.43999999999999995,-0.968
0.56,LL,PP,False,False,L,L,P,P,2.2,1.0,-1.6400000000000001
0.56,PL,LL,False,False,P,L,L,L,1.2,-0.672,0.56
0.56,PL,PL,False,True,P,L,P,L,0.0799999999999999,0.5152000000000001,0.5152000000000001
0.56,PL,LP,False,False,P,L,L,P,1.0799999999999998,0.26079999999999987,0.08480000000000015
0.56,PL,PP,False,False,P,L,P,P,1.0799999999999998,1.4480000000000002,0.0400000000000002
0.56,LP,LL,False,False,L,P,L,L,2.2,-0.968,0.43999999999999995
0.56,LP,PL,False,False,L,P,P,L,1.0799999999999998,0.08480000000000015,0.26079999999999987
0.56,LP,LP,False,True,L,P,L,P,1.32,-0.1408,-0.1408
0.56,LP,PP,False,False,L,P,P,P,1.32,0.912,-0.32000000000000006
0.56,PP,LL,False,False,P,P,L,L,2.2,-1.6400000000000001,1.0
0.56,PP,PL,False,False,P,P,P,L,1.0799999999999998,0.0400000000000002,1.4480000000000002
0.56,PP,LP,False,False,P,P,L,P,1.32,-0.32000000000000006,0.912
0.56,PP,PP,False,True,P,P,P,P,0.19999999999999996,1.3600000000000003,1.3600000000000003
0.57,LL,LL,True,True,L,L,L,L,0.0,0.0,0.0
0.57,LL,PL,False,False,L,L,P,L,1.2,0.57,-0.6839999999999999
0.57,LL,LP,False,False,L,L,L,P,2.2,0.43000000000000005,-0.9460000000000002
0.57,LL,PP,False,False,L,L,P,P,2.2,1.0,-1.6300000000000001
0.57,PL,LL,False,False,P,L,L,L,1.2,-0.6839999999999999,0.57
0.57,PL,PL,False,True,P,L,P,L,0.05999999999999994,0.5357999999999999,0.5357999999999999
0.57,PL,LP,False,False,P,L,L,P,1.06,0.23620000000000005,0.11419999999999994
0.57,PL,PP,False,False,P,L,P,P,1.06,1.456,0.07999999999999993
0.57,LP,LL,False,False,L,P,L,L,2.2,-0.9460000000000002,0.43000000000000005
0.57,LP,PL,False,False,L,P,P,L,1.06,0.11419999999999994,0.23620000000000005
0.57,LP,LP,False,True,L,P,L,P,1.3399999999999999,-0.14620000000000002,-0.14620000000000002
0.57,LP,PP,False,False,L,P,P,P,1.3399999999999999,0.914,-0.34
0.57,PP,LL,False,False,P,P,L,L,2.2,-1.6300000000000001,1.0
0.57,PP,PL,False,False,P,P,P,L,1.06,0.07999999999999993,1.456
0.57,PP,LP,False,False,P,P,L,P,1.3399999999999999,-0.34,0.914
0.57,PP,PP,False,True,P,P,P,P,0.19999999999999996,1.37,1.37
0.58,LL,LL,True,True,L,L,L,L,0.0,0.0,0.0
0.58,LL,PL,False,False,L,L,P,L,1.2,0.58,-0.696
0.58,LL,LP,False,False,L,L,L,P,2.2,0.42000000000000004,-0.9240000000000002
0.58,LL,PP,False,False,L,L,P,P,2.2,1.0,-1.62
0.58,PL,LL,False,False,P,L,L,L,1.2,-0.696,0.58
0.58,PL,PL,False,True,P,L,P,L,0.04000000000000015,0.5567999999999999,0.5567999999999999
0.58,PL,LP,False,False,P,L,L,P,1.04,0.21120000000000017,0.14319999999999988
0.58,PL,PP,False,False,P,L,P,P,1.04,1.464,0.11999999999999977
0.58,LP,LL,False,False,L,P,L,L,2.2,-0.9240000000000002,0.42000000000000004
0.58,LP,PL,False,False,L,P,P,L,1.04,0.14319999999999988,0.21120000000000017
0.58,LP,LP,False,True,L,P,L,P,1.3599999999999999,-0.15119999999999992,-0.15119999999999992
0.58,LP,PP,False,False,L,P,P,P,1.3599999999999999,0.916,-0.3599999999999998
0.58,PP,LL,False,False,P,P,L,L,2.2,-1.62,1.0
0.58,PP,PL,False,False,P,P,P,L,1.04,0.11999999999999977,1.464
0.58,PP,LP,False,False,P,P,L,P,1.3599999999999999,-0.3599999999999998,0.916
0.58,PP,PP,False,True,P,P,P,P,0.19999999999999996,1.3800000000000001,1.3800000000000001
0.59,LL,LL,True,True,L,L,L,L,0.0,0.0,0.0
0.59,LL,PL,False,False,L,L,P,L,1.2,0.59,-0.708
0.59,LL,LP,False,False,L,L,L,P,2.2,0.41000000000000003,-0.9020000000000001
0.59,LL,PP,False,False,L,L,P,P,2.2,1.0,-1.61
0.59,PL,LL,False,False,P,L,L,L,1.2,-0.708,0.59
0.59,PL,PL,False,True,P,L,P,L,0.019999999999999907,0.5782,0.5782
0.59,PL,LP,False,False,P,L,L,P,1.02,0.18580000000000002,0.17179999999999998
0.59,PL,PP,False,False,P,L,P,P,1.02,1.472,0.16000000000000006
0.59,LP,LL,False,False,L,P,L,L,2.2,-0.9020000000000001,0.41000000000000003
0.59,LP,PL,False,False,L,P,P,L,1.02,0.17179999999999998,0.18580000000000002
0.59,LP,LP,False,True,L,P,L,P,1.38,-0.1558,-0.1558
0.59,LP,PP,False,False,L,P,P,P,1.38,0.918,-0.38
0.59,PP,LL,False,False,P,P,L,L,2.2,-1.61,1.0
0.59,PP,PL,False,False,P,P,P,L,1.02,0.16000000000000006,1.472
0.59,PP,LP,False,False,P,P,L,P,1.38,-0.38,0.918
0.59,PP,PP,False,True,P,P,P,P,0.19999999999999996,1.3900000000000001,1.3900000000000001
0.6,LL,LL,True,True,L,L,L,L,0.0,0.0,0.0
0.6,LL,PL,False,False,L,L,P,L,1.2,0.6,-0.72
0.6,LL,LP,False,False,L,L,L,P,2.2,0.4,-0.8800000000000001
0.6,LL,PP,False,False,L,L,P,P,2.2,1.0,-1.6
0.6,PL,LL,False,False,P,L,L,L,1.2,-0.72,0.6
0.6,PL,PL,True,True,P,L,P,L,1.1102230246251565e-16,0.5999999999999999,0.5999999999999999
0.6,PL,LP,False,False,P,L,L,P,1.0,0.16000000000000014,0.19999999999999993
0.6,PL,PP,False,False,P,L,P,P,1.0,1.48,0.19999999999999987
0.6,LP,LL,False,False,L,P,L,L,2.2,-0.8800000000000001,0.4
0.6,LP,PL,False,False,L,P,P,L,1.0,0.19999999999999993,0.16000000000000014
0.6,LP,LP,False,True,L,P,L,P,1.4,-0.15999999999999992,-0.15999999999999992
0.6,LP,PP,False,False,L,P,P,P,1.4,0.92,-0.3999999999999998
0.6,PP,LL,False,False,P,P,L,L,2.2,-1.6,1.0
0.6,PP,PL,False,False,P,P,P,L,1.0,0.19999999999999987,1.48
0.6,PP,LP,False,False,P,P,L,P,1.4,-0.3999999999999998,0.92
0.6,PP,PP,False,True,P,P,P,P,0.19999999999999996,1.4000000000000001,1.4000000000000001
0.61,LL,LL,True,True,L,L,L,L,0.0,0.0,0.0
0.61,LL,PL,False,False,L,L,P,L,1.2,0.61,-0.732
0.61,LL,LP,False,False,L,L,L,P,2.2,0.39,-0.8580000000000001
0.61,LL,PP,False,False,L,L,P,P,2.2,1.0,-1.59
0.61,PL,LL,False,False,P,L,L,L,1.2,-0.732,0.61
0.61,PL,PL,True,True,P,L,P,L,0.0,0.6222000000000001,0.6222000000000001
0.61,PL,LP,False,False,P,L,L,P,0.9799999999999999,0.13379999999999997,0.22780000000000003
0.61,PL,PP,False,False,P,L,P,P,0.9799999999999999,1.488,0.24000000000000013
0.61,LP,LL,False,False,L,P,L,L,2.2,-0.8580000000000001,0.39
0.61,LP,PL,False,False,L,P,P,L,0.9799999999999999,0.22780000000000003,0.13379999999999997
0.61,LP,LP,False,True,L,P,L,P,1.42,-0.1638,-0.1638
0.61,LP,PP,False,False,L,P,P,P,1.42,0.922,-0.42000000000000004
0.61,PP,LL,False,False,P,P,L,L,2.2,-1.59,1.0
0.61,PP,PL,False,False,P,P,P,L,0.9799999999999999,0.24000000000000013,1.488
0.61,PP,LP,False,False,P,P,L,P,1.42,-0.42000000000000004,0.922
0.61,PP,PP,False,True,P,P,P,P,0.19999999999999996,1.4100000000000001,1.4100000000000001
0.62,LL,LL,True,True,L,L,L,L,0.0,0.0,0.0
0.62,LL,PL,False,False,L,L,P,L,1.2,0.62,-0.744
0.62,LL,LP,False,False,L,L,L,P,2.2,0.38,-0.8360000000000001
0.62,LL,PP,False,False,L,L,P,P,2.2,1.0,-1.58
0.62,PL,LL,False,False,P,L,L,L,1.2,-0.744,0.62
0.62,PL,PL,True,True,P,L,P,L,0.0,0.6447999999999999,0.6447999999999999
0.62,PL,LP,False,False,P,L,L,P,0.9600000000000001,0.10720000000000007,0.2552
0.62,PL,PP,False,False,P,L,P,P,0.9600000000000001,1.496,0.2799999999999999
0.62,LP,LL,False,False,L,P,L,L,2.2,-0.8360000000000001,0.38
0.62,LP,PL,False,False,L,P,P,L,0.9600000000000001,0.2552,0.10720000000000007
0.62,LP,LP,False,True,L,P,L,P,1.44,-0.16719999999999993,-0.16719999999999993
0.62,LP,PP,False,False,L,P,P,P,1.44,0.924,-0.43999999999999984
0.62,PP,LL,False,False,P,P,L,L,2.2,-1.58,1.0
0.62,PP,PL,False,False,P,P,P,L,0.9600000000000001,0.2799999999999999,1.496
0.62,PP,LP,False,False,P,P,L,P,1.44,-0.43999999999999984,0.924
0.62,PP,PP,False,True,P,P,P,P,0.19999999999999996,1.4200000000000002,1.4200000000000002
0.63,LL,LL,True,True,L,L,L,L,0.0,0.0,0.0
0.63,LL,PL,False,False,L,L,P,L,1.2,0.63,-0.756
0.63,LL,LP,False,False,L,L,L,P,2.2,0.37,-0.8140000000000001
0.63,LL,PP,False,False,L,L,P,P,2.2,1.0,-1.57
0.63,PL,LL,False,False,P,L,L,L,1.2,-0.756,0.63
0.63,PL,PL,True,True,P,L,P,L,0.0,0.6678000000000001,0.6678000000000001
0.63,PL,LP,False,False,P,L,L,P,0.9399999999999998,0.08019999999999991,0.2822000000000001
0.63,PL,PP,False,False,P,L,P,P,0.9399999999999998,1.504,0.3200000000000002
0.63,LP,LL,False,False,L,P,L,L,2.2,-0.8140000000000001,0.37
0.63,LP,PL,False,False,L,P,P,L,0.9399999999999998,0.2822000000000001,0.08019999999999991
0.63,LP,LP,False,True,L,P,L,P,1.46,-0.17020000000000005,-0.17020000000000005
0.63,LP,PP,False,False,L,P,P,P,1.46,0.9259999999999999,-0.46000000000000013
0.63,PP,LL,False,False,P,P,L,L,2.2,-1.57,1.0
0.63,PP,PL,False,False,P,P,P,L,0.9399999999999998,0.3200000000000002,1.504
0.63,PP,LP,False,False,P,P,L,P,1.46,-0.46000000000000013,0.9259999999999999
0.63,PP,PP,False,True,P,P,P,P,0.19999999999999996,1.4300000000000002,1.4300000000000002
0.64,LL,LL,True,True,L,L,L,L,0.0,0.0,0.0
0.64,LL,PL,False,False,L,L,P,L,1.2,0.64,-0.768
0.64,LL,LP,False,False,L,L,L,P,2.2,0.36,-0.792
0.64,LL,PP,False,False,L,L,P,P,2.2,1.0,-1.56
0.64,PL,LL,False,False,P,L,L,L,1.2,-0.768,0.64
0.64,PL,PL,True,True,P,L,P,L,0.0,0.6912,0.6912
0.64,PL,LP,False,False,P,L,L,P,0.92,0.05280000000000003,0.3088
0.64,PL,PP,False,False,P,L,P,P,0.92,1.512,0.36
0.64,LP,LL,False,False,L,P,L,L,2.2,-0.792,0.36
0.64,LP,PL,False,False,L,P,P,L,0.92,0.3088,0.05280000000000003
0.64,LP,LP,False,True,L,P,L,P,1.48,-0.17279999999999995,-0.17279999999999995
0.64,LP,PP,False,False,L,P,P,P,1.48,0.9279999999999999,-0.4799999999999999
0.64,PP,LL,False,False,P,P,L,L,2.2,-1.56,1.0
0.64,PP,PL,False,False,P,P,P,L,0.92,0.36,1.512
0.64,PP,LP,False,False,P,P,L,P,1.48,-0.4799999999999999,0.9279999999999999
0.64,PP,PP,False,True,P,P,P,P,0.19999999999999996,1.4400000000000002,1.4400000000000002
0.65,LL,LL,True,True,L,L,L,L,0.0,0.0,0.0
0.65,LL,PL,False,False,L,L,P,L,1.2,0.65,-0.78
0.65,LL,LP,False,False,L,L,L,P,2.2,0.35,-0.77
0.65,LL,PP,False,False,L,L,P,P,2.2,1.0,-1.55
0.65,PL,LL,False,False,P,L,L,L,1.2,-0.78,0.65
0.65,PL,PL,True,True,P,L,P,L,0.0,0.7150000000000001,0.7150000000000001
0.65,PL,LP,False,False,P,L,L,P,0.8999999999999998,0.024999999999999856,0.33500000000000013
0.65,PL,PP,False,False,P,L,P,P,0.8999999999999998,1.52,0.40000000000000024
0.65,LP,LL,False,False,L,P,L,L,2.2,-0.77,0.35
0.65,LP,PL,False,False,L,P,P,L,0.8999999999999998,0.33500000000000013,0.024999999999999856
0.65,LP,LP,False,True,L,P,L,P,1.5,-0.17500000000000004,-0.17500000000000004
0.65,LP,PP,False,False,L,P,P,P,1.5,0.9299999999999999,-0.5000000000000001
0.65,PP,LL,False,False,P,P,L,L,2.2,-1.55,1.0
0.65,PP,PL,False,False,P,P,P,L,0.8999999999999998,0.40000000000000024,1.52
0.65,PP,LP,False,False,P,P,L,P,1.5,-0.5000000000000001,0.9299999999999999
0.65,PP,PP,False,True,P,P,P,P,0.19999999999999996,1.4500000000000002,1.4500000000000002
0.66,LL,LL,True,True,L,L,L,L,0.0,0.0,0.0
0.66,LL,PL,False,False,L,L,P,L,1.2,0.66,-0.792
0.66,LL,LP,False,False,L,L,L,P,2.2,0.33999999999999997,-0.748
0.66,LL,PP,False,False,L,L,P,P,2.2,1.0,-1.54
0.66,PL,LL,False,False,P,L,L,L,1.2,-0.792,0.66
0.66,PL,PL,True,True,P,L,P,L,0.0,0.7392000000000001,0.7392000000000001
0.66,PL,LP,False,False,P,L,L,P,0.88,-0.0032000000000000223,0.36080000000000007
0.66,PL,PP,False,False,P,L,P,P,0.88,1.528,0.44000000000000006
0.66,LP,LL,False,False,L,P,L,L,2.2,-0.748,0.33999999999999997
0.66,LP,PL,False,False,L,P,P,L,0.88,0.36080000000000007,-0.0032000000000000223
0.66,LP,LP,False,True,L,P,L,P,1.52,-0.17679999999999996,-0.17679999999999996
0.66,LP,PP,False,False,L,P,P,P,1.52,0.9319999999999999,-0.5199999999999999
0.66,PP,LL,False,False,P,P,L,L,2.2,-1.54,1.0
0.66,PP,PL,False,False,P,P,P,L,0.88,0.44000000000000006,1.528
0.66,PP,LP,False,False,P,P,L,P,1.52,-0.5199999999999999,0.9319999999999999
0.66,PP,PP,False,True,P,P,P,P,0.19999999999999996,1.4600000000000002,1.4600000000000002
0.67,LL,LL,True,True,L,L,L,L,0.0,0.0,0.0
0.67,LL,PL,False,False,L,L,P,L,1.2,0.67,-0.804
0.67,LL,LP,False,False,L,L,L,P,2.2,0.32999999999999996,-0.726
0.67,LL,PP,False,False,L,L,P,P,2.2,1.0,-1.53
0.67,PL,LL,False,False,P,L,L,L,1.2,-0.804,0.67
0.67,PL,PL,True,True,P,L,P,L,0.0,0.7638000000000001,0.7638000000000001
0.67,PL,LP,False,False,P,L,L,P,0.8599999999999998,-0.031800000000000134,0.3862000000000002
0.67,PL,PP,False,False,P,L,P,P,0.8599999999999998,1.536,0.4800000000000003
0.67,LP,LL,False,False,L,P,L,L,2.2,-0.726,0.32999999999999996
0.67,LP,PL,False,False,L,P,P,L,0.8599999999999998,0.3862000000000002,-0.031800000000000134
0.67,LP,LP,False,True,L,P,L,P,1.54,-0.17819999999999994,-0.17819999999999994
0.67,LP,PP,False,False,L,P,P,P,1.54,0.9339999999999999,-0.54
0.67,PP,LL,False,False,P,P,L,L,2.2,-1.53,1.0
0.67,PP,PL,False,False,P,P,P,L,0.8599999999999998,0.4800000000000003,1.536
0.67,PP,LP,False,False,P,P,L,P,1.54,-0.54,0.9339999999999999
0.67,PP,PP,False,True,P,P,P,P,0.19999999999999996,1.4700000000000002,1.4700000000000002
0.68,LL,LL,True,True,L,L,L,L,0.0,0.0,0.0
0.68,LL,PL,False,False,L,L,P,L,1.2,0.68,-0.8160000000000001
0.68,LL,LP,False,False,L,L,L,P,2.2,0.31999999999999995,-0.704
0.68,LL,PP,False,False,L,L,P,P,2.2,1.0,-1.52
0.68,PL,LL,False,False,P,L,L,L,1.2,-0.8160000000000001,0.68
0.68,PL,PL,True,True,P,L,P,L,0.0,0.7888000000000001,0.7888000000000001
0.68,PL,LP,False,False,P,L,L,P,0.84,-0.06080000000000016,0.4112000000000001
0.68,PL,PP,False,False,P,L,P,P,0.84,1.544,0.52
0.68,LP,LL,False,False,L,P,L,L,2.2,-0.704,0.31999999999999995
0.68,LP,PL,False,False,L,P,P,L,0.84,0.4112000000000001,-0.06080000000000016
0.68,LP,LP,False,True,L,P,L,P,1.56,-0.1792,-0.1792
0.68,LP,PP,False,False,L,P,P,P,1.56,0.9359999999999999,-0.56
0.68,PP,LL,False,False,P,P,L,L,2.2,-1.52,1.0
0.68,PP,PL,False,False,P,P,P,L,0.84,0.52,1.544
0.68,PP,LP,False,False,P,P,L,P,1.56,-0.56,0.9359999999999999
0.68,PP,PP,False,True,P,P,P,P,0.19999999999999996,1.4800000000000002,1.4800000000000002
0.69,LL,LL,True,True,L,L,L,L,0.0,0.0,0.0
0.69,LL,PL,False,False,L,L,P,L,1.2,0.69,-0.828
0.69,LL,LP,False,False,L,L,L,P,2.2,0.31000000000000005,-0.6820000000000002
0.69,LL,PP,False,False,L,L,P,P,2.2,1.0,-1.5100000000000002
0.69,PL,LL,False,False,P,L,L,L,1.2,-0.828,0.69
0.69,PL,PL,True,True,P,L,P,L,0.0,0.8141999999999998,0.8141999999999998
0.69,PL,LP,False,False,P,L,L,P,0.8200000000000001,-0.09019999999999985,0.43579999999999985
0.69,PL,PP,False,False,P,L,P,P,0.8200000000000001,1.552,0.5599999999999998
0.69,LP,LL,False,False,L,P,L,L,2.2,-0.6820000000000002,0.31000000000000005
0.69,LP,PL,False,False,L,P,P,L,0.8200000000000001,0.43579999999999985,-0.09019999999999985
0.69,LP,LP,False,True,L,P,L,P,1.5799999999999998,-0.1798,-0.1798
0.69,LP,PP,False,False,L,P,P,P,1.5799999999999998,0.938,-0.5799999999999998
0.69,PP,LL,False,False,P,P,L,L,2.2,-1.5100000000000002,1.0
0.69,PP,PL,False,False,P,P,P,L,0.8200000000000001,0.5599999999999998,1.552
0.69,PP,LP,False,False,P,P,L,P,1.5799999999999998,-0.5799999999999998,0.938
0.69,PP,PP,False,True,P,P,P,P,0.19999999999999996,1.49,1.49
0.7,LL,LL,True,True,L,L,L,L,0.0,0.0,0.0
0.7,LL,PL,False,False,L,L,P,L,1.2,0.7,-0.84
0.7,LL,LP,False,False,L,L,L,P,2.2,0.30000000000000004,-0.6600000000000001
0.7,LL,PP,False,False,L,L,P,P,2.2,1.0,-1.5
0.7,PL,LL,False,False,P,L,L,L,1.2,-0.84,0.7
0.7,PL,PL,True,True,P,L,P,L,0.0,0.8399999999999999,0.8399999999999999
0.7,PL,LP,False,False,P,L,L,P,0.8000000000000003,-0.11999999999999988,0.45999999999999985
0.7,PL,PP,False,False,P,L,P,P,0.8000000000000003,1.56,0.5999999999999996
0.7,LP,LL,False,False,L,P,L,L,2.2,-0.6600000000000001,0.30000000000000004
0.7,LP,PL,False,False,L,P,P,L,0.8000000000000003,0.45999999999999985,-0.11999999999999988
0.7,LP,LP,False,True,L,P,L,P,1.5999999999999999,-0.18,-0.18
0.7,LP,PP,False,False,L,P,P,P,1.5999999999999999,0.94,-0.5999999999999999
0.7,PP,LL,False,False,P,P,L,L,2.2,-1.5,1.0
0.7,PP,PL,False,False,P,P,P,L,0.8000000000000003,0.5999999999999996,1.56
0.7,PP,LP,False,False,P,P,L,P,1.5999999999999999,-0.5999999999999999,0.94
0.7,PP,PP,False,True,P,P,P,P,0.19999999999999996,1.5,1.5
0.71,LL,LL,True,True,L,L,L,L,0.0,0.0,0.0
0.71,LL,PL,False,False,L,L,P,L,1.2,0.71,-0.852
0.71,LL,LP,False,False,L,L,L,P,2.2,0.29000000000000004,-0.6380000000000001
0.71,LL,PP,False,False,L,L,P,P,2.2,1.0,-1.4900000000000002
0.71,PL,LL,False,False,P,L,L,L,1.2,-0.852,0.71
0.71,PL,PL,True,True,P,L,P,L,0.0,0.8661999999999999,0.8661999999999999
0.71,PL,LP,False,False,P,L,L,P,0.78,-0.1501999999999999,0.48379999999999995
0.71,PL,PP,False,False,P,L,P,P,0.78,1.568,0.6399999999999999
0.71,LP,LL,False,False,L,P,L,L,2.2,-0.6380000000000001,0.29000000000000004
0.71,LP,PL,False,False,L,P,P,L,0.78,0.48379999999999995,-0.1501999999999999
0.71,LP,LP,False,True,L,P,L,P,1.6199999999999999,-0.17979999999999996,-0.17979999999999996
0.71,LP,PP,False,False,L,P,P,P,1.6199999999999999,0.942,-0.6199999999999999
0.71,PP,LL,False,False,P,P,L,L,2.2,-1.4900000000000002,1.0
0.71,PP,PL,False,False,P,P,P,L,0.78,0.6399999999999999,1.568
0.71,PP,LP,False,False,P,P,L,P,1.6199999999999999,-0.6199999999999999,0.942
0.71,PP,PP,False,True,P,P,P,P,0.19999999999999996,1.51,1.51
0.72,LL,LL,True,True,L,L,L,L,0.0,0.0,0.0
0.72,LL,PL,False,False,L,L,P,L,1.2,0.72,-0.864
0.72,LL,LP,False,False,L,L,L,P,2.2,0.28,-0.6160000000000001
0.72,LL,PP,False,False,L,L,P,P,2.2,1.0,-1.48
0.72,PL,LL,False,False,P,L,L,L,1.2,-0.864,0.72
0.72,PL,PL,True,True,P,L,P,L,0.0,0.8928000000000001,0.8928000000000001
0.72,PL,LP,False,False,P,L,L,P,0.7599999999999998,-0.1807999999999999,0.5072
0.72,PL,PP,False,False,P,L,P,P,0.7599999999999998,1.576,0.6800000000000002
0.72,LP,LL,False,False,L,P,L,L,2.2,-0.6160000000000001,0.28
0.72,LP,PL,False,False,L,P,P,L,0.7599999999999998,0.5072,-0.1807999999999999
0.72,LP,LP,False,True,L,P,L,P,1.64,-0.17920000000000003,-0.17920000000000003
0.72,LP,PP,False,False,L,P,P,P,1.64,0.944,-0.6399999999999999
0.72,PP,LL,False,False,P,P,L,L,2.2,-1.48,1.0
0.72,PP,PL,False,False,P,P,P,L,0.7599999999999998,0.6800000000000002,1.576
0.72,PP,LP,False,False,P,P,L,P,1.64,-0.6399999999999999,0.944
0.72,PP,PP,False,True,P,P,P,P,0.19999999999999996,1.52,1.52
0.73,LL,LL,True,True,L,L,L,L,0.0,0.0,0.0
0.73,LL,PL,False,False,L,L,P,L,1.2,0.73,-0.876
0.73,LL,LP,False,False,L,L,L,P,2.2,0.27,-0.5940000000000001
0.73,LL,PP,False,False,L,L,P,P,2.2,1.0,-1.4700000000000002
0.73,PL,LL,False,False,P,L,L,L,1.2,-0.876,0.73
0.73,PL,PL,True,True,P,L,P,L,0.0,0.9198,0.9198
0.73,PL,LP,False,False,P,L,L,P,0.74,-0.21179999999999993,0.5301999999999999
0.73,PL,PP,False,False,P,L,P,P,0.74,1.584,0.72
0.73,LP,LL,False,False,L,P,L,L,2.2,-0.5940000000000001,0.27
0.73,LP,PL,False,False,L,P,P,L,0.74,0.5301999999999999,-0.21179999999999993
0.73,LP,LP,False,True,L,P,L,P,1.66,-0.17820000000000003,-0.17820000000000003
0.73,LP,PP,False,False,L,P,P,P,1.66,0.946,-0.6599999999999999
0.73,PP,LL,False,False,P,P,L,L,2.2,-1.4700000000000002,1.0
0.73,PP,PL,False,False,P,P,P,L,0.74,0.72,1.584
0.73,PP,LP,False,False,P,P,L,P,1.66,-0.6599999999999999,0.946
0.73,PP,PP,False,True,P,P,P,P,0.19999999999999996,1.53,1.53
0.74,LL,LL,True,True,L,L,L,L,0.0,0.0,0.0
0.74,LL,PL,False,False,L,L,P,L,1.2,0.74,-0.888
0.74,LL,LP,False,False,L,L,L,P,2.2,0.26,-0.5720000000000001
0.74,LL,PP,False,False,L,L,P,P,2.2,1.0,-1.46
0.74,PL,LL,False,False,P,L,L,L,1.2,-0.888,0.74
0.74,PL,PL,True,True,P,L,P,L,0.0,0.9471999999999998,0.9471999999999998
0.74,PL,LP,False,False,P,L,L,P,0.7200000000000002,-0.24319999999999997,0.5528
0.74,PL,PP,False,False,P,L,P,P,0.7200000000000002,1.592,0.7599999999999998
0.74,LP,LL,False,False,L,P,L,L,2.2,-0.5720000000000001,0.26
0.74,LP,PL,False,False,L,P,P,L,0.7200000000000002,0.5528,-0.24319999999999997
0.74,LP,LP,False,True,L,P,L,P,1.68,-0.17679999999999996,-0.17679999999999996
0.74,LP,PP,False,False,L,P,P,P,1.68,0.948,-0.6799999999999999
0.74,PP,LL,False,False,P,P,L,L,2.2,-1.46,1.0
0.74,PP,PL,False,False,P,P,P,L,0.7200000000000002,0.7599999999999998,1.592
0.74,PP,LP,False,False,P,P,L,P,1.68,-0.6799999999999999,0.948
0.74,PP,PP,False,True,P,P,P,P,0.19999999999999996,1.54,1.54
0.75,LL,LL,True,True,L,L,L,L,0.0,0.0,0.0
0.75,LL,PL,False,False,L,L,P,L,1.2,0.75,-0.8999999999999999
0.75,LL,LP,False,False,L,L,L,P,2.2,0.25,-0.55
0.75,LL,PP,False,False,L,L,P,P,2.2,1.0,-1.45
0.75,PL,LL,False,False,P,L,L,L,1.2,-0.8999999999999999,0.75
0.75,PL,PL,True,True,P,L,P,L,0.0,0.9750000000000001,0.9750000000000001
0.75,PL,LP,False,False,P,L,L,P,0.7,-0.275,0.575
0.75,PL,PP,False,False,P,L,P,P,0.7,1.6,0.8
0.75,LP,LL,False,False,L,P,L,L,2.2,-0.55,0.25
0.75,LP,PL,False,False,L,P,P,L,0.7,0.575,-0.275
0.75,LP,LP,False,True,L,P,L,P,1.7,-0.175,-0.175
0.75,LP,PP,False,False,L,P,P,P,1.7,0.95,-0.7
0.75,PP,LL,False,False,P,P,L,L,2.2,-1.45,1.0
0.75,PP,PL,False,False,P,P,P,L,0.7,0.8,1.6
0.75,PP,LP,False,False,P,P,L,P,1.7,-0.7,0.95
0.75,PP,PP,False,True,P,P,P,P,0.19999999999999996,1.55,1.55
0.76,LL,LL,True,True,L,L,L,L,0.0,0.0,0.0
0.76,LL,PL,False,False,L,L,P,L,1.2,0.76,-0.9119999999999999
0.76,LL,LP,False,False,L,L,L,P,2.2,0.24,-0.528
0.76,LL,PP,False,False,L,L,P,P,2.2,1.0,-1.44
0.76,PL,LL,False,False,P,L,L,L,1.2,-0.9119999999999999,0.76
0.76,PL,PL,True,True,P,L,P,L,0.0,1.0032,1.0032
0.76,PL,LP,False,False,P,L,L,P,0.72,-0.30720000000000003,0.5968000000000001
0.76,PL,PP,False,False,P,L,P,P,0.6799999999999997,1.608,0.8400000000000003
0.76,LP,LL,False,False,L,P,L,L,2.2,-0.528,0.24
0.76,LP,PL,False,False,L,P,P,L,0.72,0.5968000000000001,-0.30720000000000003
0.76,LP,LP,False,True,L,P,L,P,1.72,-0.17279999999999995,-0.17279999999999995
0.76,LP,PP,False,False,L,P,P,P,1.72,0.952,-0.72
0.76,PP,LL,False,False,P,P,L,L,2.2,-1.44,1.0
0.76,PP,PL,False,False,P,P,P,L,0.6799999999999997,0.8400000000000003,1.608
0.76,PP,LP,False,False,P,P,L,P,1.72,-0.72,0.952
0.76,PP,PP,False,True,P,P,P,P,0.19999999999999996,1.56,1.56
0.77,LL,LL,True,True,L,L,L,L,0.0,0.0,0.0
0.77,LL,PL,False,False,L,L,P,L,1.2,0.77,-0.9239999999999999
0.77,LL,LP,False,False,L,L,L,P,2.2,0.22999999999999998,-0.506
0.77,LL,PP,False,False,L,L,P,P,2.2,1.0,-1.43
0.77,PL,LL,False,False,P,L,L,L,1.2,-0.9239999999999999,0.77
0.77,PL,PL,True,True,P,L,P,L,0.0,1.0318,1.0318
0.77,PL,LP,False,False,P,L,L,P,0.74,-0.3398,0.6182
0.77,PL,PP,False,False,P,L,P,P,0.6599999999999999,1.616,0.8800000000000001
0.77,LP,LL,False,False,L,P,L,L,2.2,-0.506,0.22999999999999998
0.77,LP,PL,False,False,L,P,P,L,0.74,0.6182,-0.3398
0.77,LP,LP,False,True,L,P,L,P,1.74,-0.17020000000000002,-0.17020000000000002
0.77,LP,PP,False,False,L,P,P,P,1.74,0.954,-0.74
0.77,PP,LL,False,False,P,P,L,L,2.2,-1.43,1.0
0.77,PP,PL,False,False,P,P,P,L,0.6599999999999999,0.8800000000000001,1.616
0.77,PP,LP,False,False,P,P,L,P,1.74,-0.74,0.954
0.77,PP,PP,False,True,P,P,P,P,0.19999999999999996,1.57,1.57
0.78,LL,LL,True,True,L,L,L,L,0.0,0.0,0.0
0.78,LL,PL,False,False,L,L,P,L,1.2,0.78,-0.9359999999999999
0.78,LL,LP,False,False,L,L,L,P,2.2,0.21999999999999997,-0.484
0.78,LL,PP,False,False,L,L,P,P,2.2,1.0,-1.42
0.78,PL,LL,False,False,P,L,L,L,1.2,-0.9359999999999999,0.78
0.78,PL,PL,True,True,P,L,P,L,0.0,1.0608,1.0608
0.78,PL,LP,False,False,P,L,L,P,0.76,-0.3728,0.6392
0.78,PL,PP,False,False,P,L,P,P,0.6400000000000001,1.624,0.9199999999999999
0.78,LP,LL,False,False,L,P,L,L,2.2,-0.484,0.21999999999999997
0.78,LP,PL,False,False,L,P,P,L,0.76,0.6392,-0.3728
0.78,LP,LP,False,True,L,P,L,P,1.76,-0.16720000000000002,-0.16720000000000002
0.78,LP,PP,False,False,L,P,P,P,1.76,0.956,-0.76
0.78,PP,LL,False,False,P,P,L,L,2.2,-1.42,1.0
0.78,PP,PL,False,False,P,P,P,L,0.6400000000000001,0.9199999999999999,1.624
0.78,PP,LP,False,False,P,P,L,P,1.76,-0.76,0.956
0.78,PP,PP,False,True,P,P,P,P,0.19999999999999996,1.58,1.58
0.79,LL,LL,True,True,L,L,L,L,0.0,0.0,0.0
0.79,LL,PL,False,False,L,L,P,L,1.2,0.79,-0.948
0.79,LL,LP,False,False,L,L,L,P,2.2,0.20999999999999996,-0.46199999999999997
0.79,LL,PP,False,False,L,L,P,P,2.2,1.0,-1.41
0.79,PL,LL,False,False,P,L,L,L,1.2,-0.948,0.79
0.79,PL,PL,True,True,P,L,P,L,0.0,1.0902,1.0902
0.79,PL,LP,False,False,P,L,L,P,0.78,-0.4062000000000001,0.6598000000000002
0.79,PL,PP,False,False,P,L,P,P,0.6199999999999999,1.6320000000000001,0.9600000000000002
0.79,LP,LL,False,False,L,P,L,L,2.2,-0.46199999999999997,0.20999999999999996
0.79,LP,PL,False,False,L,P,P,L,0.78,0.6598000000000002,-0.4062000000000001
0.79,LP,LP,False,True,L,P,L,P,1.78,-0.16379999999999995,-0.16379999999999995
0.79,LP,PP,False,False,L,P,P,P,1.78,0.958,-0.78
0.79,PP,LL,False,False,P,P,L,L,2.2,-1.41,1.0
0.79,PP,PL,False,False,P,P,P,L,0.6199999999999999,0.9600000000000002,1.6320000000000001
0.79,PP,LP,False,False,P,P,L,P,1.78,-0.78,0.958
0.79,PP,PP,False,True,P,P,P,P,0.19999999999999996,1.59,1.59
0.8,LL,LL,True,True,L,L,L,L,0.0,0.0,0.0
0.8,LL,PL,False,False,L,L,P,L,1.2,0.8,-0.96
0.8,LL,LP,False,False,L,L,L,P,2.2,0.19999999999999996,-0.43999999999999995
0.8,LL,PP,False,False,L,L,P,P,2.2,1.0,-1.4
0.8,PL,LL,False,False,P,L,L,L,1.2,-0.96,0.8
0.8,PL,PL,True,True,P,L,P,L,0.0,1.1200000000000003,1.1200000000000003
0.8,PL,LP,False,False,P,L,L,P,0.8,-0.4400000000000001,0.6800000000000002
0.8,PL,PP,False,False,P,L,P,P,0.5999999999999996,1.6400000000000001,1.0000000000000004
0.8,LP,LL,False,False,L,P,L,L,2.2,-0.43999999999999995,0.19999999999999996
0.8,LP,PL,False,False,L,P,P,L,0.8,0.6800000000000002,-0.4400000000000001
0.8,LP,LP,False,True,L,P,L,P,1.8,-0.15999999999999998,-0.15999999999999998
0.8,LP,PP,False,False,L,P,P,P,1.8,0.96,-0.8
0.8,PP,LL,False,False,P,P,L,L,2.2,-1.4,1.0
0.8,PP,PL,False,False,P,P,P,L,0.5999999999999996,1.0000000000000004,1.6400000000000001
0.8,PP,LP,False,False,P,P,L,P,1.8,-0.8,0.96
0.8,PP,PP,False,True,P,P,P,P,0.19999999999999996,1.6,1.6
0.81,LL,LL,True,True,L,L,L,L,0.0,0.0,0.0
0.81,LL,PL,False,False,L,L,P,L,1.2,0.81,-0.972
0.81,LL,LP,False,False,L,L,L,P,2.2,0.18999999999999995,-0.4179999999999999
0.81,LL,PP,False,False,L,L,P,P,2.2,1.0,-1.39
0.81,PL,LL,False,False,P,L,L,L,1.2,-0.972,0.81
0.81,PL,PL,True,True,P,L,P,L,0.0,1.1502000000000001,1.1502000000000001
0.81,PL,LP,False,False,P,L,L,P,0.8200000000000001,-0.4742000000000001,0.6998000000000002
0.81,PL,PP,False,False,P,L,P,P,0.5799999999999998,1.6480000000000001,1.0400000000000003
0.81,LP,LL,False,False,L,P,L,L,2.2,-0.4179999999999999,0.18999999999999995
0.81,LP,PL,False,False,L,P,P,L,0.8200000000000001,0.6998000000000002,-0.4742000000000001
0.81,LP,LP,False,True,L,P,L,P,1.82,-0.15579999999999997,-0.15579999999999997
0.81,LP,PP,False,False,L,P,P,P,1.82,0.962,-0.8200000000000001
0.81,PP,LL,False,False,P,P,L,L,2.2,-1.39,1.0
0.81,PP,PL,False,False,P,P,P,L,0.5799999999999998,1.0400000000000003,1.6480000000000001
0.81,PP,LP,False,False,P,P,L,P,1.82,-0.8200000000000001,0.962
0.81,PP,PP,False,True,P,P,P,P,0.19999999999999996,1.61,1.61
0.82,LL,LL,True,True,L,L,L,L,0.0,0.0,0.0
0.82,LL,PL,False,False,L,L,P,L,1.2,0.82,-0.9839999999999999
0.82,LL,LP,False,False,L,L,L,P,2.2,0.18000000000000005,-0.39600000000000013
0.82,LL,PP,False,False,L,L,P,P,2.2,1.0,-1.38
0.82,PL,LL,False,False,P,L,L,L,1.2,-0.9839999999999999,0.82
0.82,PL,PL,True,True,P,L,P,L,0.0,1.1807999999999998,1.1807999999999998
0.82,PL,LP,False,False,P,L,L,P,0.84,-0.5087999999999999,0.7192
0.82,PL,PP,False,False,P,L,P,P,0.5599999999999999,1.6560000000000001,1.0799999999999998
0.82,LP,LL,False,False,L,P,L,L,2.2,-0.39600000000000013,0.18000000000000005
0.82,LP,PL,False,False,L,P,P,L,0.84,0.7192,-0.5087999999999999
0.82,LP,LP,False,True,L,P,L,P,1.8399999999999999,-0.15119999999999997,-0.15119999999999997
0.82,LP,PP,False,False,L,P,P,P,1.8399999999999999,0.964,-0.8399999999999999
0.82,PP,LL,False,False,P,P,L,L,2.2,-1.38,1.0
0.82,PP,PL,False,False,P,P,P,L,0.5599999999999999,1.0799999999999998,1.6560000000000001
0.82,PP,LP,False,False,P,P,L,P,1.8399999999999999,-0.8399999999999999,0.964
0.82,PP,PP,False,True,P,P,P,P,0.19999999999999996,1.62,1.62
0.83,LL,LL,True,True,L,L,L,L,0.0,0.0,0.0
0.83,LL,PL,False,False,L,L,P,L,1.2,0.83,-0.9959999999999999
0.83,LL,LP,False,False,L,L,L,P,2.2,0.17000000000000004,-0.3740000000000001
0.83,LL,PP,False,False,L,L,P,P,2.2,1.0,-1.37
0.83,PL,LL,False,False,P,L,L,L,1.2,-0.9959999999999999,0.83
0.83,PL,PL,True,True,P,L,P,L,0.0,1.2117999999999998,1.2117999999999998
0.83,PL,LP,False,False,P,L,L,P,0.86,-0.5437999999999998,0.7382
0.83,PL,PP,False,False,P,L,P,P,0.5400000000000001,1.6640000000000001,1.1199999999999997
0.83,LP,LL,False,False,L,P,L,L,2.2,-0.3740000000000001,0.17000000000000004
0.83,LP,PL,False,False,L,P,P,L,0.86,0.7382,-0.5437999999999998
0.83,LP,LP,False,True,L,P,L,P,1.8599999999999999,-0.14620000000000002,-0.14620000000000002
0.83,LP,PP,False,False,L,P,P,P,1.8599999999999999,0.966,-0.8599999999999999
0.83,PP,LL,False,False,P,P,L,L,2.2,-1.37,1.0
0.83,PP,PL,False,False,P,P,P,L,0.5400000000000001,1.1199999999999997,1.6640000000000001
0.83,PP,LP,False,False,P,P,L,P,1.8599999999999999,-0.8599999999999999,0.966
0.83,PP,PP,False,True,P,P,P,P,0.19999999999999996,1.6300000000000001,1.6300000000000001
0.84,LL,LL,True,True,L,L,L,L,0.0,0.0,0.0
0.84,LL,PL,False,False,L,L,P,L,1.2,0.8399999999999999,-1.008
0.84,LL,LP,False,False,L,L,L,P,2.2,0.16000000000000003,-0.3520000000000001
0.84,LL,PP,False,False,L,L,P,P,2.2,1.0,-1.36
0.84,PL,LL,False,False,P,L,L,L,1.2,-1.008,0.8399999999999999
0.84,PL,PL,True,True,P,L,P,L,0.0,1.2432,1.2432
0.84,PL,LP,False,False,P,L,L,P,0.88,-0.5791999999999999,0.7567999999999999
0.84,PL,PP,False,False,P,L,P,P,0.5199999999999999,1.6720000000000002,1.1600000000000001
0.84,LP,LL,False,False,L,P,L,L,2.2,-0.3520000000000001,0.16000000000000003
0.84,LP,PL,False,False,L,P,P,L,0.88,0.7567999999999999,-0.5791999999999999
0.84,LP,LP,False,True,L,P,L,P,1.88,-0.14079999999999998,-0.14079999999999998
0.84,LP,PP,False,False,L,P,P,P,1.88,0.968,-0.88
0.84,PP,LL,False,False,P,P,L,L,2.2,-1.36,1.0
0.84,PP,PL,False,False,P,P,P,L,0.5199999999999999,1.1600000000000001,1.6720000000000002
0.84,PP,LP,False,False,P,P,L,P,1.88,-0.88,0.968
0.84,PP,PP,False,True,P,P,P,P,0.19999999999999996,1.6400000000000001,1.6400000000000001
0.85,LL,LL,True,True,L,L,L,L,0.0,0.0,0.0
0.85,LL,PL,False,False,L,L,P,L,1.2,0.8499999999999999,-1.02
0.85,LL,LP,False,False,L,L,L,P,2.2,0.15000000000000002,-0.33000000000000007
0.85,LL,PP,False,False,L,L,P,P,2.2,1.0,-1.35
0.85,PL,LL,False,False,P,L,L,L,1.2,-1.02,0.8499999999999999
0.85,PL,PL,True,True,P,L,P,L,0.0,1.275,1.275
0.85,PL,LP,False,False,P,L,L,P,0.9,-0.615,0.7749999999999999
0.85,PL,PP,False,False,P,L,P,P,0.5000000000000001,1.6800000000000002,1.2
0.85,LP,LL,False,False,L,P,L,L,2.2,-0.33000000000000007,0.15000000000000002
0.85,LP,PL,False,False,L,P,P,L,0.9,0.7749999999999999,-0.615
0.85,LP,LP,False,True,L,P,L,P,1.9,-0.13500000000000006,-0.13500000000000006
0.85,LP,PP,False,False,L,P,P,P,1.9,0.97,-0.9
0.85,PP,LL,False,False,P,P,L,L,2.2,-1.35,1.0
0.85,PP,PL,False,False,P,P,P,L,0.5000000000000001,1.2,1.6800000000000002
0.85,PP,LP,False,False,P,P,L,P,1.9,-0.9,0.97
0.85,PP,PP,False,True,P,P,P,P,0.19999999999999996,1.6500000000000001,1.6500000000000001
0.86,LL,LL,True,True,L,L,L,L,0.0,0.0,0.0
0.86,LL,PL,False,False,L,L,P,L,1.2,0.8599999999999999,-1.032
0.86,LL,LP,False,False,L,L,L,P,2.2,0.14,-0.30800000000000005
0.86,LL,PP,False,False,L,L,P,P,2.2,1.0,-1.34
0.86,PL,LL,False,False,P,L,L,L,1.2,-1.032,0.8599999999999999
0.86,PL,PL,True,True,P,L,P,L,0.0,1.3072000000000001,1.3072000000000001
0.86,PL,LP,False,False,P,L,L,P,0.92,-0.6512000000000001,0.7928
0.86,PL,PP,False,False,P,L,P,P,0.47999999999999987,1.6880000000000002,1.24
0.86,LP,LL,False,False,L,P,L,L,2.2,-0.30800000000000005,0.14
0.86,LP,PL,False,False,L,P,P,L,0.92,0.7928,-0.6512000000000001
0.86,LP,LP,False,True,L,P,L,P,1.92,-0.1288,-0.1288
0.86,LP,PP,False,False,L,P,P,P,1.92,0.972,-0.92
0.86,PP,LL,False,False,P,P,L,L,2.2,-1.34,1.0
0.86,PP,PL,False,False,P,P,P,L,0.47999999999999987,1.24,1.6880000000000002
0.86,PP,LP,False,False,P,P,L,P,1.92,-0.92,0.972
0.86,PP,PP,False,True,P,P,P,P,0.19999999999999996,1.6600000000000001,1.6600000000000001
0.87,LL,LL,True,True,L,L,L,L,0.0,0.0,0.0
0.87,LL,PL,False,False,L,L,P,L,1.2,0.87,-1.044
0.87,LL,LP,False,False,L,L,L,P,2.2,0.13,-0.28600000000000003
0.87,LL,PP,False,False,L,L,P,P,2.2,1.0,-1.33
0.87,PL,LL,False,False,P,L,L,L,1.2,-1.044,0.87
0.87,PL,PL,True,True,P,L,P,L,0.0,1.3397999999999999,1.3397999999999999
0.87,PL,LP,False,False,P,L,L,P,0.9400000000000001,-0.6878,0.8102
0.87,PL,PP,False,False,P,L,P,P,0.4600000000000001,1.6960000000000002,1.2799999999999998
0.87,LP,LL,False,False,L,P,L,L,2.2,-0.28600000000000003,0.13
0.87,LP,PL,False,False,L,P,P,L,0.9400000000000001,0.8102,-0.6878
0.87,LP,LP,False,True,L,P,L,P,1.94,-0.1222,-0.1222
0.87,LP,PP,False,False,L,P,P,P,1.94,0.974,-0.94
0.87,PP,LL,False,False,P,P,L,L,2.2,-1.33,1.0
0.87,PP,PL,False,False,P,P,P,L,0.4600000000000001,1.2799999999999998,1.6960000000000002
0.87,PP,LP,False,False,P,P,L,P,1.94,-0.94,0.974
0.87,PP,PP,False,True,P,P,P,P,0.19999999999999996,1.6700000000000002,1.6700000000000002
0.88,LL,LL,True,True,L,L,L,L,0.0,0.0,0.0
0.88,LL,PL,False,False,L,L,P,L,1.2,0.88,-1.056
0.88,LL,LP,False,False,L,L,L,P,2.2,0.12,-0.264
0.88,LL,PP,False,False,L,L,P,P,2.2,1.0,-1.32
0.88,PL,LL,False,False,P,L,L,L,1.2,-1.056,0.88
0.88,PL,PL,True,True,P,L,P,L,0.0,1.3728,1.3728
0.88,PL,LP,False,False,P,L,L,P,0.9600000000000001,-0.7248000000000001,0.8272
0.88,PL,PP,False,False,P,L,P,P,0.43999999999999984,1.7040000000000002,1.32
0.88,LP,LL,False,False,L,P,L,L,2.2,-0.264,0.12
0.88,LP,PL,False,False,L,P,P,L,0.9600000000000001,0.8272,-0.7248000000000001
0.88,LP,LP,False,True,L,P,L,P,1.96,-0.11519999999999997,-0.11519999999999997
0.88,LP,PP,False,False,L,P,P,P,1.96,0.976,-0.9600000000000001
0.88,PP,LL,False,False,P,P,L,L,2.2,-1.32,1.0
0.88,PP,PL,False,False,P,P,P,L,0.43999999999999984,1.32,1.7040000000000002
0.88,PP,LP,False,False,P,P,L,P,1.96,-0.9600000000000001,0.976
0.88,PP,PP,False,True,P,P,P,P,0.19999999999999996,1.6800000000000002,1.6800000000000002
0.89,LL,LL,True,True,L,L,L,L,0.0,0.0,0.0
0.89,LL,PL,False,False,L,L,P,L,1.2,0.89,-1.068
0.89,LL,LP,False,False,L,L,L,P,2.2,0.10999999999999999,-0.242
0.89,LL,PP,False,False,L,L,P,P,2.2,1.0,-1.31
0.89,PL,LL,False,False,P,L,L,L,1.2,-1.068,0.89
0.89,PL,PL,True,True,P,L,P,L,0.0,1.4062000000000001,1.4062000000000001
0.89,PL,LP,False,False,P,L,L,P,0.9800000000000001,-0.7622000000000001,0.8438
0.89,PL,PP,False,False,P,L,P,P,0.42000000000000004,1.7120000000000002,1.36
0.89,LP,LL,False,False,L,P,L,L,2.2,-0.242,0.10999999999999999
0.89,LP,PL,False,False,L,P,P,L,0.9800000000000001,0.8438,-0.7622000000000001
0.89,LP,LP,False,True,L,P,L,P,1.98,-0.1078,-0.1078
0.89,LP,PP,False,False,L,P,P,P,1.98,0.978,-0.9800000000000001
0.89,PP,LL,False,False,P,P,L,L,2.2,-1.31,1.0
0.89,PP,PL,False,False,P,P,P,L,0.42000000000000004,1.36,1.7120000000000002
0.89,PP,LP,False,False,P,P,L,P,1.98,-0.9800000000000001,0.978
0.89,PP,PP,False,True,P,P,P,P,0.19999999999999996,1.6900000000000002,1.6900000000000002
0.9,LL,LL,True,True,L,L,L,L,0.0,0.0,0.0
0.9,LL,PL,False,False,L,L,P,L,1.2,0.9,-1.08
0.9,LL,LP,False,False,L,L,L,P,2.2,0.09999999999999998,-0.21999999999999997
0.9,LL,PP,False,False,L,L,P,P,2.2,1.0,-1.3
0.9,PL,LL,False,False,P,L,L,L,1.2,-1.08,0.9
0.9,PL,PL,True,True,P,L,P,L,0.0,1.4400000000000004,1.4400000000000004
0.9,PL,LP,False,False,P,L,L,P,1.0,-0.8000000000000002,0.8600000000000001
0.9,PL,PP,False,False,P,L,P,P,0.3999999999999998,1.7200000000000002,1.4000000000000004
0.9,LP,LL,False,False,L,P,L,L,2.2,-0.21999999999999997,0.09999999999999998
0.9,LP,PL,False,False,L,P,P,L,1.0,0.8600000000000001,-0.8000000000000002
0.9,LP,LP,False,True,L,P,L,P,2.0,-0.09999999999999996,-0.09999999999999996
0.9,LP,PP,False,False,L,P,P,P,2.0,0.98,-1.0
0.9,PP,LL,False,False,P,P,L,L,2.2,-1.3,1.0
0.9,PP,PL,False,False,P,P,P,L,0.3999999999999998,1.4000000000000004,1.7200000000000002
0.9,PP,LP,False,False,P,P,L,P,2.0,-1.0,0.98
0.9,PP,PP,False,True,P,P,P,P,0.19999999999999996,1.7000000000000002,1.7000000000000002
0.91,LL,LL,True,True,L,L,L,L,0.0,0.0,0.0
0.91,LL,PL,False,False,L,L,P,L,1.2,0.91,-1.092
0.91,LL,LP,False,False,L,L,L,P,2.2,0.08999999999999997,-0.19799999999999995
0.91,LL,PP,False,False,L,L,P,P,2.2,1.0,-1.29
0.91,PL,LL,False,False,P,L,L,L,1.2,-1.092,0.91
0.91,PL,PL,True,True,P,L,P,L,0.0,1.4742000000000002,1.4742000000000002
0.91,PL,LP,False,False,P,L,L,P,1.02,-0.8382000000000002,0.8758
0.91,PL,PP,False,False,P,L,P,P,0.38,1.7280000000000002,1.4400000000000002
0.91,LP,LL,False,False,L,P,L,L,2.2,-0.19799999999999995,0.08999999999999997
0.91,LP,PL,False,False,L,P,P,L,1.02,0.8758,-0.8382000000000002
0.91,LP,LP,False,True,L,P,L,P,2.02,-0.09179999999999999,-0.09179999999999999
0.91,LP,PP,False,False,L,P,P,P,2.02,0.982,-1.02
0.91,PP,LL,False,False,P,P,L,L,2.2,-1.29,1.0
0.91,PP,PL,False,False,P,P,P,L,0.38,1.4400000000000002,1.7280000000000002
0.91,PP,LP,False,False,P,P,L,P,2.02,-1.02,0.982
0.91,PP,PP,False,True,P,P,P,P,0.19999999999999996,1.7100000000000002,1.7100000000000002
0.92,LL,LL,True,True,L,L,L,L,0.0,0.0,0.0
0.92,LL,PL,False,False,L,L,P,L,1.2,0.92,-1.104
0.92,LL,LP,False,False,L,L,L,P,2.2,0.07999999999999996,-0.17599999999999993
0.92,LL,PP,False,False,L,L,P,P,2.2,1.0,-1.28
0.92,PL,LL,False,False,P,L,L,L,1.2,-1.104,0.92
0.92,PL,PL,True,True,P,L,P,L,0.0,1.5088000000000001,1.5088000000000001
0.92,PL,LP,False,False,P,L,L,P,1.04,-0.8768000000000002,0.8912
0.92,PL,PP,False,False,P,L,P,P,0.35999999999999976,1.7360000000000002,1.4800000000000002
0.92,LP,LL,False,False,L,P,L,L,2.2,-0.17599999999999993,0.07999999999999996
0.92,LP,PL,False,False,L,P,P,L,1.04,0.8912,-0.8768000000000002
0.92,LP,LP,False,True,L,P,L,P,2.04,-0.08319999999999994,-0.08319999999999994
0.92,LP,PP,False,False,L,P,P,P,2.04,0.984,-1.04
0.92,PP,LL,False,False,P,P,L,L,2.2,-1.28,1.0
0.92,PP,PL,False,False,P,P,P,L,0.35999999999999976,1.4800000000000002,1.7360000000000002
0.92,PP,LP,False,False,P,P,L,P,2.04,-1.04,0.984
0.92,PP,PP,False,True,P,P,P,P,0.19999999999999996,1.7200000000000002,1.7200000000000002
0.93,LL,LL,True,True,L,L,L,L,0.0,0.0,0.0
0.93,LL,PL,False,False,L,L,P,L,1.2,0.93,-1.116
0.93,LL,LP,False,False,L,L,L,P,2.2,0.06999999999999995,-0.15399999999999991
0.93,LL,PP,False,False,L,L,P,P,2.2,1.0,-1.27
0.93,PL,LL,False,False,P,L,L,L,1.2,-1.116,0.93
0.93,PL,PL,True,True,P,L,P,L,0.0,1.5438,1.5438
0.93,PL,LP,False,False,P,L,L,P,1.06,-0.9158000000000003,0.9062000000000001
0.93,PL,PP,False,False,P,L,P,P,0.33999999999999997,1.7440000000000002,1.52
0.93,LP,LL,False,False,L,P,L,L,2.2,-0.15399999999999991,0.06999999999999995
0.93,LP,PL,False,False,L,P,P,L,1.06,0.9062000000000001,-0.9158000000000003
0.93,LP,LP,False,True,L,P,L,P,2.06,-0.07419999999999996,-0.07419999999999996
0.93,LP,PP,False,False,L,P,P,P,2.06,0.986,-1.0600000000000003
0.93,PP,LL,False,False,P,P,L,L,2.2,-1.27,1.0
0.93,PP,PL,False,False,P,P,P,L,0.33999999999999997,1.52,1.7440000000000002
0.93,PP,LP,False,False,P,P,L,P,2.06,-1.0600000000000003,0.986
0.93,PP,PP,False,True,P,P,P,P,0.19999999999999996,1.7300000000000002,1.7300000000000002
0.94,LL,LL,True,True,L,L,L,L,0.0,0.0,0.0
0.94,LL,PL,False,False,L,L,P,L,1.2,0.94,-1.128
0.94,LL,LP,False,False,L,L,L,P,2.2,0.06000000000000005,-0.13200000000000012
0.94,LL,PP,False,False,L,L,P,P,2.2,1.0,-1.26
0.94,PL,LL,False,False,P,L,L,L,1.2,-1.128,0.94
0.94,PL,PL,True,True,P,L,P,L,0.0,1.5791999999999997,1.5791999999999997
0.94,PL,LP,False,False,P,L,L,P,1.0799999999999998,-0.9551999999999997,0.9208
0.94,PL,PP,False,False,P,L,P,P,0.32000000000000006,1.752,1.5599999999999998
0.94,LP,LL,False,False,L,P,L,L,2.2,-0.13200000000000012,0.06000000000000005
0.94,LP,PL,False,False,L,P,P,L,1.0799999999999998,0.9208,-0.9551999999999997
0.94,LP,LP,False,True,L,P,L,P,2.0799999999999996,-0.06480000000000004,-0.06480000000000004
0.94,LP,PP,False,False,L,P,P,P,2.0799999999999996,0.988,-1.0799999999999998
0.94,PP,LL,False,False,P,P,L,L,2.2,-1.26,1.0
0.94,PP,PL,False,False,P,P,P,L,0.32000000000000006,1.5599999999999998,1.752
0.94,PP,LP,False,False,P,P,L,P,2.0799999999999996,-1.0799999999999998,0.988
0.94,PP,PP,False,True,P,P,P,P,0.19999999999999996,1.74,1.74
0.95,LL,LL,True,True,L,L,L,L,0.0,0.0,0.0
0.95,LL,PL,False,False,L,L,P,L,1.2,0.95,-1.14
0.95,LL,LP,False,False,L,L,L,P,2.2,0.050000000000000044,-0.11000000000000011
0.95,LL,PP,False,False,L,L,P,P,2.2,1.0,-1.25
0.95,PL,LL,False,False,P,L,L,L,1.2,-1.14,0.95
0.95,PL,PL,True,True,P,L,P,L,0.0,1.6149999999999998,1.6149999999999998
0.95,PL,LP,False,False,P,L,L,P,1.0999999999999999,-0.9949999999999998,0.9349999999999999
0.95,PL,PP,False,False,P,L,P,P,0.30000000000000027,1.76,1.5999999999999996
0.95,LP,LL,False,False,L,P,L,L,2.2,-0.11000000000000011,0.050000000000000044
0.95,LP,PL,False,False,L,P,P,L,1.0999999999999999,0.9349999999999999,-0.9949999999999998
0.95,LP,LP,False,True,L,P,L,P,2.0999999999999996,-0.055000000000000035,-0.055000000000000035
0.95,LP,PP,False,False,L,P,P,P,2.0999999999999996,0.99,-1.0999999999999999
0.95,PP,LL,False,False,P,P,L,L,2.2,-1.25,1.0
0.95,PP,PL,False,False,P,P,P,L,0.30000000000000027,1.5999999999999996,1.76
0.95,PP,LP,False,False,P,P,L,P,2.0999999999999996,-1.0999999999999999,0.99
0.95,PP,PP,False,True,P,P,P,P,0.19999999999999996,1.75,1.75
0.96,LL,LL,True,True,L,L,L,L,0.0,0.0,0.0
0.96,LL,PL,False,False,L,L,P,L,1.2,0.96,-1.152
0.96,LL,LP,False,False,L,L,L,P,2.2,0.040000000000000036,-0.08800000000000009
0.96,LL,PP,False,False,L,L,P,P,2.2,1.0,-1.24
0.96,PL,LL,False,False,P,L,L,L,1.2,-1.152,0.96
0.96,PL,PL,True,True,P,L,P,L,0.0,1.6511999999999998,1.6511999999999998
0.96,PL,LP,False,False,P,L,L,P,1.1199999999999999,-1.0351999999999997,0.9488
0.96,PL,PP,False,False,P,L,P,P,0.28,1.768,1.64
0.96,LP,LL,False,False,L,P,L,L,2.2,-0.08800000000000009,0.040000000000000036
0.96,LP,PL,False,False,L,P,P,L,1.1199999999999999,0.9488,-1.0351999999999997
0.96,LP,LP,False,True,L,P,L,P,2.12,-0.04480000000000005,-0.04480000000000005
0.96,LP,PP,False,False,L,P,P,P,2.12,0.992,-1.1199999999999999
0.96,PP,LL,False,False,P,P,L,L,2.2,-1.24,1.0
0.96,PP,PL,False,False,P,P,P,L,0.28,1.64,1.768
0.96,PP,LP,False,False,P,P,L,P,2.12,-1.1199999999999999,0.992
0.96,PP,PP,False,True,P,P,P,P,0.19999999999999996,1.76,1.76
0.97,LL,LL,True,True,L,L,L,L,0.0,0.0,0.0
0.97,LL,PL,False,False,L,L,P,L,1.2,0.97,-1.164
0.97,LL,LP,False,False,L,L,L,P,2.2,0.030000000000000027,-0.06600000000000006
0.97,LL,PP,False,False,L,L,P,P,2.2,1.0,-1.23
0.97,PL,LL,False,False,P,L,L,L,1.2,-1.164,0.97
0.97,PL,PL,True,True,P,L,P,L,0.0,1.6878000000000002,1.6878000000000002
0.97,PL,LP,False,False,P,L,L,P,1.14,-1.0757999999999999,0.9621999999999999
0.97,PL,PP,False,False,P,L,P,P,0.2599999999999998,1.776,1.6800000000000002
0.97,LP,LL,False,False,L,P,L,L,2.2,-0.06600000000000006,0.030000000000000027
0.97,LP,PL,False,False,L,P,P,L,1.14,0.9621999999999999,-1.0757999999999999
0.97,LP,LP,False,True,L,P,L,P,2.1399999999999997,-0.03420000000000002,-0.03420000000000002
0.97,LP,PP,False,False,L,P,P,P,2.1399999999999997,0.994,-1.14
0.97,PP,LL,False,False,P,P,L,L,2.2,-1.23,1.0
0.97,PP,PL,False,False,P,P,P,L,0.2599999999999998,1.6800000000000002,1.776
0.97,PP,LP,False,False,P,P,L,P,2.1399999999999997,-1.14,0.994
0.97,PP,PP,False,True,P,P,P,P,0.19999999999999996,1.77,1.77
0.98,LL,LL,True,True,L,L,L,L,0.0,0.0,0.0
0.98,LL,PL,False,False,L,L,P,L,1.2,0.98,-1.176
0.98,LL,LP,False,False,L,L,L,P,2.2,0.020000000000000018,-0.044000000000000046
0.98,LL,PP,False,False,L,L,P,P,2.2,1.0,-1.22
0.98,PL,LL,False,False,P,L,L,L,1.2,-1.176,0.98
0.98,PL,PL,True,True,P,L,P,L,0.0,1.7248,1.7248
0.98,PL,LP,False,False,P,L,L,P,1.16,-1.1168,0.9752
0.98,PL,PP,False,False,P,L,P,P,0.24,1.784,1.72
0.98,LP,LL,False,False,L,P,L,L,2.2,-0.044000000000000046,0.020000000000000018
0.98,LP,PL,False,False,L,P,P,L,1.16,0.9752,-1.1168
0.98,LP,LP,False,True,L,P,L,P,2.1599999999999997,-0.023200000000000016,-0.023200000000000016
0.98,LP,PP,False,False,L,P,P,P,2.1599999999999997,0.996,-1.16
0.98,PP,LL,False,False,P,P,L,L,2.2,-1.22,1.0
0.98,PP,PL,False,False,P,P,P,L,0.24,1.72,1.784
0.98,PP,LP,False,False,P,P,L,P,2.1599999999999997,-1.16,0.996
0.98,PP,PP,False,True,P,P,P,P,0.19999999999999996,1.78,1.78
0.99,LL,LL,True,True,L,L,L,L,0.0,0.0,0.0
0.99,LL,PL,False,False,L,L,P,L,1.2,0.99,-1.188
0.99,LL,LP,False,False,L,L,L,P,2.2,0.010000000000000009,-0.022000000000000023
0.99,LL,PP,False,False,L,L,P,P,2.2,1.0,-1.21
0.99,PL,LL,False,False,P,L,L,L,1.2,-1.188,0.99
0.99,PL,PL,True,True,P,L,P,L,0.0,1.7621999999999998,1.7621999999999998
0.99,PL,LP,False,False,P,L,L,P,1.18,-1.1582,0.9878
0.99,PL,PP,False,False,P,L,P,P,0.2200000000000002,1.792,1.7599999999999998
0.99,LP,LL,False,False,L,P,L,L,2.2,-0.022000000000000023,0.010000000000000009
0.99,LP,PL,False,False,L,P,P,L,1.18,0.9878,-1.1582
0.99,LP,LP,False,True,L,P,L,P,2.1799999999999997,-0.011800000000000008,-0.011800000000000008
0.99,LP,PP,False,False,L,P,P,P,2.1799999999999997,0.998,-1.18
0.99,PP,LL,False,False,P,P,L,L,2.2,-1.21,1.0
0.99,PP,PL,False,False,P,P,P,L,0.2200000000000002,1.7599999999999998,1.792
0.99,PP,LP,False,False,P,P,L,P,2.1799999999999997,-1.18,0.998
0.99,PP,PP,False,True,P,P,P,P,0.19999999999999996,1.79,1.79
